ProductId,Product Name,Product Condition,Used Condition,Product Condition Changed,Brand,Category
1,Product-100,New,N/A,New,Dell,Camera
2,Product-100,Used - Acceptable,Acceptable,Used,Dell,Camera
3,Product-100,Used - Good,Good,Used,Dell,Camera
4,Product-101,Used - Acceptable,Acceptable,Used,N/A,N/A
5,Product-101,Used - Good,Good,Used,N/A,N/A
6,Product-102,Used - Good,Good,Used,N/A,N/A
7,Product-104,New,N/A,New,N/A,N/A
8,Product-104,Used - Acceptable,Acceptable,Used,N/A,N/A
9,Product-105,New,N/A,New,N/A,N/A
10,Product-106,Used - Acceptable,Acceptable,Used,N/A,N/A
11,Product-106,Used - Good,Good,Used,N/A,N/A
12,Product-107,New,N/A,New,N/A,N/A
13,Product-108,New,N/A,New,N/A,N/A
14,Product-109,Used - Acceptable,Acceptable,Used,N/A,N/A
15,Product-110,Used - Good,Good,Used,N/A,N/A
16,Product-110,Used - Acceptable,Acceptable,Used,N/A,N/A
17,Product-110,New,N/A,New,N/A,N/A
18,Product-111,New,N/A,New,N/A,N/A
19,Product-111,Used - Acceptable,Acceptable,Used,N/A,N/A
20,Product-112,Used - Acceptable,Acceptable,Used,N/A,N/A
21,Product-112,New,N/A,New,N/A,N/A
22,Product-113,Used - Good,Good,Used,N/A,N/A
23,Product-113,New,N/A,New,N/A,N/A
24,Product-114,Used - Good,Good,Used,N/A,N/A
25,Product-114,Used - Acceptable,Acceptable,Used,N/A,N/A
26,Product-114,New,N/A,New,N/A,N/A
27,Product-115,Used - Acceptable,Acceptable,Used,N/A,N/A
28,Product-115,Used - Good,Good,Used,N/A,N/A
29,Product-116,New,N/A,New,N/A,N/A
30,Product-116,Used - Acceptable,Acceptable,Used,N/A,N/A
31,Product-116,Used - Good,Good,Used,N/A,N/A
32,Product-118,New,N/A,New,N/A,N/A
33,Product-118,Used - Acceptable,Acceptable,Used,N/A,N/A
34,Product-119,Used - Good,Good,Used,N/A,N/A
35,Product-119,Used - Acceptable,Acceptable,Used,N/A,N/A
36,Product-119,New,N/A,New,N/A,N/A
37,Product-120,Used - Good,Good,Used,N/A,N/A
38,Product-120,Used - Acceptable,Acceptable,Used,N/A,N/A
39,Product-121,Used - Good,Good,Used,N/A,N/A
40,Product-122,Used - Good,Good,Used,N/A,N/A
41,Product-122,New,N/A,New,N/A,N/A
42,Product-123,Used - Good,Good,Used,N/A,N/A
43,Product-123,New,N/A,New,N/A,N/A
44,Product-124,Used - Acceptable,Acceptable,Used,N/A,N/A
45,Product-124,New,N/A,New,N/A,N/A
46,Product-126,Used - Good,Good,Used,N/A,N/A
47,Product-127,New,N/A,New,N/A,N/A
48,Product-127,Used - Good,Good,Used,N/A,N/A
49,Product-129,Used - Acceptable,Acceptable,Used,N/A,N/A
50,Product-130,New,N/A,New,N/A,N/A
51,Product-131,Used - Acceptable,Acceptable,Used,N/A,N/A
52,Product-133,Used - Acceptable,Acceptable,Used,N/A,N/A
53,Product-133,Used - Good,Good,Used,N/A,N/A
54,Product-134,Used - Good,Good,Used,N/A,N/A
55,Product-135,Used - Acceptable,Acceptable,Used,N/A,N/A
56,Product-136,Used - Acceptable,Acceptable,Used,N/A,N/A
57,Product-136,New,N/A,New,N/A,N/A
58,Product-137,New,N/A,New,N/A,N/A
59,Product-137,Used - Acceptable,Acceptable,Used,N/A,N/A
60,Product-137,Used - Good,Good,Used,N/A,N/A
61,Product-138,Used - Acceptable,Acceptable,Used,N/A,N/A
62,Product-138,Used - Good,Good,Used,N/A,N/A
63,Product-139,New,N/A,New,N/A,N/A
64,Product-139,Used - Good,Good,Used,N/A,N/A
65,Product-140,Used - Good,Good,Used,N/A,N/A
66,Product-141,Used - Good,Good,Used,N/A,N/A
67,Product-142,New,N/A,New,N/A,N/A
68,Product-143,Used - Acceptable,Acceptable,Used,N/A,N/A
69,Product-144,New,N/A,New,N/A,N/A
70,Product-144,Used - Good,Good,Used,N/A,N/A
71,Product-145,Used - Good,Good,Used,N/A,N/A
72,Product-145,New,N/A,New,N/A,N/A
73,Product-146,Used - Acceptable,Acceptable,Used,N/A,N/A
74,Product-147,New,N/A,New,N/A,N/A
75,Product-147,Used - Acceptable,Acceptable,Used,N/A,N/A
76,Product-147,Used - Good,Good,Used,N/A,N/A
77,Product-148,Used - Good,Good,Used,N/A,N/A
78,Product-148,Used - Acceptable,Acceptable,Used,N/A,N/A
79,Product-149,New,N/A,New,N/A,N/A
80,Product-149,Used - Good,Good,Used,N/A,N/A
81,Product-150,New,N/A,New,N/A,N/A
82,Product-150,Used - Good,Good,Used,N/A,N/A
83,Product-151,New,N/A,New,N/A,N/A
84,Product-151,Used - Good,Good,Used,N/A,N/A
85,Product-152,Used - Good,Good,Used,N/A,N/A
86,Product-152,New,N/A,New,N/A,N/A
87,Product-153,Used - Acceptable,Acceptable,Used,N/A,N/A
88,Product-153,Used - Good,Good,Used,N/A,N/A
89,Product-154,New,N/A,New,N/A,N/A
90,Product-154,Used - Acceptable,Acceptable,Used,N/A,N/A
91,Product-154,Used - Good,Good,Used,N/A,N/A
92,Product-155,New,N/A,New,N/A,N/A
93,Product-155,Used - Acceptable,Acceptable,Used,N/A,N/A
94,Product-156,New,N/A,New,N/A,N/A
95,Product-156,Used - Good,Good,Used,N/A,N/A
96,Product-157,New,N/A,New,N/A,N/A
97,Product-157,Used - Acceptable,Acceptable,Used,N/A,N/A
98,Product-158,Used - Acceptable,Acceptable,Used,N/A,N/A
99,Product-158,Used - Good,Good,Used,N/A,N/A
100,Product-159,Used - Good,Good,Used,N/A,N/A
101,Product-159,Used - Acceptable,Acceptable,Used,N/A,N/A
102,Product-160,New,N/A,New,N/A,N/A
103,Product-161,Used - Acceptable,Acceptable,Used,N/A,N/A
104,Product-161,New,N/A,New,N/A,N/A
105,Product-162,New,N/A,New,N/A,N/A
106,Product-162,Used - Good,Good,Used,N/A,N/A
107,Product-163,Used - Good,Good,Used,N/A,N/A
108,Product-164,Used - Good,Good,Used,N/A,N/A
109,Product-165,Used - Good,Good,Used,N/A,N/A
110,Product-166,New,N/A,New,N/A,N/A
111,Product-166,Used - Acceptable,Acceptable,Used,N/A,N/A
112,Product-166,Used - Good,Good,Used,N/A,N/A
113,Product-167,Used - Acceptable,Acceptable,Used,N/A,N/A
114,Product-168,New,N/A,New,N/A,N/A
115,Product-168,Used - Good,Good,Used,N/A,N/A
116,Product-168,Used - Acceptable,Acceptable,Used,N/A,N/A
117,Product-169,New,N/A,New,N/A,N/A
118,Product-170,New,N/A,New,N/A,N/A
119,Product-170,Used - Acceptable,Acceptable,Used,N/A,N/A
120,Product-171,Used - Acceptable,Acceptable,Used,N/A,N/A
121,Product-171,Used - Good,Good,Used,N/A,N/A
122,Product-172,Used - Good,Good,Used,N/A,N/A
123,Product-172,New,N/A,New,N/A,N/A
124,Product-173,Used - Good,Good,Used,N/A,N/A
125,Product-173,Used - Acceptable,Acceptable,Used,N/A,N/A
126,Product-174,New,N/A,New,N/A,N/A
127,Product-175,Used - Good,Good,Used,N/A,N/A
128,Product-176,New,N/A,New,N/A,N/A
129,Product-176,Used - Acceptable,Acceptable,Used,N/A,N/A
130,Product-177,New,N/A,New,N/A,N/A
131,Product-177,Used - Acceptable,Acceptable,Used,N/A,N/A
132,Product-178,New,N/A,New,N/A,N/A
133,Product-178,Used - Acceptable,Acceptable,Used,N/A,N/A
134,Product-179,Used - Acceptable,Acceptable,Used,N/A,N/A
135,Product-180,Used - Good,Good,Used,N/A,N/A
136,Product-180,Used - Acceptable,Acceptable,Used,N/A,N/A
137,Product-181,Used - Good,Good,Used,N/A,N/A
138,Product-181,Used - Acceptable,Acceptable,Used,N/A,N/A
139,Product-182,New,N/A,New,N/A,N/A
140,Product-182,Used - Good,Good,Used,N/A,N/A
141,Product-183,Used - Good,Good,Used,N/A,N/A
142,Product-183,New,N/A,New,N/A,N/A
143,Product-184,Used - Acceptable,Acceptable,Used,N/A,N/A
144,Product-186,Used - Good,Good,Used,N/A,N/A
145,Product-186,Used - Acceptable,Acceptable,Used,N/A,N/A
146,Product-186,New,N/A,New,N/A,N/A
147,Product-187,Used - Acceptable,Acceptable,Used,N/A,N/A
148,Product-188,Used - Acceptable,Acceptable,Used,N/A,N/A
149,Product-189,Used - Good,Good,Used,N/A,N/A
150,Product-189,New,N/A,New,N/A,N/A
151,Product-189,Used - Acceptable,Acceptable,Used,N/A,N/A
152,Product-190,Used - Good,Good,Used,N/A,N/A
153,Product-190,New,N/A,New,N/A,N/A
154,Product-191,New,N/A,New,N/A,N/A
155,Product-192,New,N/A,New,N/A,N/A
156,Product-192,Used - Good,Good,Used,N/A,N/A
157,Product-193,New,N/A,New,N/A,N/A
158,Product-193,Used - Good,Good,Used,N/A,N/A
159,Product-193,Used - Acceptable,Acceptable,Used,N/A,N/A
160,Product-194,Used - Acceptable,Acceptable,Used,N/A,N/A
161,Product-195,Used - Good,Good,Used,N/A,N/A
162,Product-196,New,N/A,New,N/A,N/A
163,Product-197,Used - Acceptable,Acceptable,Used,N/A,N/A
164,Product-198,Used - Acceptable,Acceptable,Used,N/A,N/A
165,Product-198,Used - Good,Good,Used,N/A,N/A
166,Product-199,Used - Acceptable,Acceptable,Used,N/A,N/A
167,Product-199,Used - Good,Good,Used,N/A,N/A
168,Product-200,Used - Acceptable,Acceptable,Used,HP,Printer
169,Product-200,New,N/A,New,HP,Printer
170,Product-200,Used - Good,Good,Used,HP,Printer
171,Product-201,New,N/A,New,N/A,N/A
172,Product-201,Used - Acceptable,Acceptable,Used,N/A,N/A
173,Product-202,New,N/A,New,N/A,N/A
174,Product-202,Used - Good,Good,Used,N/A,N/A
175,Product-203,Used - Good,Good,Used,N/A,N/A
176,Product-203,Used - Acceptable,Acceptable,Used,N/A,N/A
177,Product-204,New,N/A,New,N/A,N/A
178,Product-204,Used - Acceptable,Acceptable,Used,N/A,N/A
179,Product-205,New,N/A,New,N/A,N/A
180,Product-205,Used - Acceptable,Acceptable,Used,N/A,N/A
181,Product-206,New,N/A,New,N/A,N/A
182,Product-206,Used - Acceptable,Acceptable,Used,N/A,N/A
183,Product-206,Used - Good,Good,Used,N/A,N/A
184,Product-207,New,N/A,New,N/A,N/A
185,Product-208,Used - Acceptable,Acceptable,Used,N/A,N/A
186,Product-209,Used - Acceptable,Acceptable,Used,N/A,N/A
187,Product-209,New,N/A,New,N/A,N/A
188,Product-210,Used - Good,Good,Used,N/A,N/A
189,Product-210,New,N/A,New,N/A,N/A
190,Product-212,Used - Acceptable,Acceptable,Used,N/A,N/A
191,Product-212,Used - Good,Good,Used,N/A,N/A
192,Product-212,New,N/A,New,N/A,N/A
193,Product-213,Used - Good,Good,Used,N/A,N/A
194,Product-214,New,N/A,New,N/A,N/A
195,Product-215,Used - Acceptable,Acceptable,Used,N/A,N/A
196,Product-215,Used - Good,Good,Used,N/A,N/A
197,Product-216,Used - Good,Good,Used,N/A,N/A
198,Product-216,Used - Acceptable,Acceptable,Used,N/A,N/A
199,Product-217,Used - Good,Good,Used,N/A,N/A
200,Product-218,Used - Acceptable,Acceptable,Used,N/A,N/A
201,Product-218,New,N/A,New,N/A,N/A
202,Product-219,Used - Acceptable,Acceptable,Used,N/A,N/A
203,Product-219,New,N/A,New,N/A,N/A
204,Product-220,Used - Acceptable,Acceptable,Used,N/A,N/A
205,Product-220,Used - Good,Good,Used,N/A,N/A
206,Product-220,New,N/A,New,N/A,N/A
207,Product-221,New,N/A,New,N/A,N/A
208,Product-221,Used - Acceptable,Acceptable,Used,N/A,N/A
209,Product-223,New,N/A,New,N/A,N/A
210,Product-224,New,N/A,New,N/A,N/A
211,Product-225,Used - Good,Good,Used,N/A,N/A
212,Product-226,Used - Good,Good,Used,N/A,N/A
213,Product-226,Used - Acceptable,Acceptable,Used,N/A,N/A
214,Product-226,New,N/A,New,N/A,N/A
215,Product-227,Used - Acceptable,Acceptable,Used,N/A,N/A
216,Product-228,New,N/A,New,N/A,N/A
217,Product-228,Used - Acceptable,Acceptable,Used,N/A,N/A
218,Product-229,Used - Acceptable,Acceptable,Used,N/A,N/A
219,Product-229,New,N/A,New,N/A,N/A
220,Product-229,Used - Good,Good,Used,N/A,N/A
221,Product-230,New,N/A,New,N/A,N/A
222,Product-230,Used - Acceptable,Acceptable,Used,N/A,N/A
223,Product-230,Used - Good,Good,Used,N/A,N/A
224,Product-231,Used - Acceptable,Acceptable,Used,N/A,N/A
225,Product-231,Used - Good,Good,Used,N/A,N/A
226,Product-232,Used - Acceptable,Acceptable,Used,N/A,N/A
227,Product-232,Used - Good,Good,Used,N/A,N/A
228,Product-233,Used - Acceptable,Acceptable,Used,N/A,N/A
229,Product-233,Used - Good,Good,Used,N/A,N/A
230,Product-233,New,N/A,New,N/A,N/A
231,Product-234,Used - Acceptable,Acceptable,Used,N/A,N/A
232,Product-234,Used - Good,Good,Used,N/A,N/A
233,Product-234,New,N/A,New,N/A,N/A
234,Product-235,New,N/A,New,N/A,N/A
235,Product-236,Used - Good,Good,Used,N/A,N/A
236,Product-237,New,N/A,New,N/A,N/A
237,Product-237,Used - Acceptable,Acceptable,Used,N/A,N/A
238,Product-237,Used - Good,Good,Used,N/A,N/A
239,Product-238,Used - Good,Good,Used,N/A,N/A
240,Product-238,Used - Acceptable,Acceptable,Used,N/A,N/A
241,Product-239,New,N/A,New,N/A,N/A
242,Product-239,Used - Acceptable,Acceptable,Used,N/A,N/A
243,Product-240,New,N/A,New,N/A,N/A
244,Product-241,New,N/A,New,N/A,N/A
245,Product-242,New,N/A,New,N/A,N/A
246,Product-242,Used - Acceptable,Acceptable,Used,N/A,N/A
247,Product-243,Used - Good,Good,Used,N/A,N/A
248,Product-244,Used - Good,Good,Used,N/A,N/A
249,Product-244,New,N/A,New,N/A,N/A
250,Product-244,Used - Acceptable,Acceptable,Used,N/A,N/A
251,Product-245,New,N/A,New,N/A,N/A
252,Product-246,Used - Acceptable,Acceptable,Used,N/A,N/A
253,Product-247,New,N/A,New,N/A,N/A
254,Product-247,Used - Acceptable,Acceptable,Used,N/A,N/A
255,Product-248,Used - Acceptable,Acceptable,Used,N/A,N/A
256,Product-249,New,N/A,New,N/A,N/A
257,Product-249,Used - Good,Good,Used,N/A,N/A
258,Product-250,Used - Acceptable,Acceptable,Used,N/A,N/A
259,Product-250,New,N/A,New,N/A,N/A
260,Product-251,Used - Acceptable,Acceptable,Used,N/A,N/A
261,Product-251,New,N/A,New,N/A,N/A
262,Product-251,Used - Good,Good,Used,N/A,N/A
263,Product-252,Used - Acceptable,Acceptable,Used,N/A,N/A
264,Product-252,New,N/A,New,N/A,N/A
265,Product-253,New,N/A,New,N/A,N/A
266,Product-253,Used - Acceptable,Acceptable,Used,N/A,N/A
267,Product-253,Used - Good,Good,Used,N/A,N/A
268,Product-254,Used - Good,Good,Used,N/A,N/A
269,Product-255,New,N/A,New,N/A,N/A
270,Product-255,Used - Good,Good,Used,N/A,N/A
271,Product-255,Used - Acceptable,Acceptable,Used,N/A,N/A
272,Product-256,Used - Acceptable,Acceptable,Used,N/A,N/A
273,Product-256,New,N/A,New,N/A,N/A
274,Product-256,Used - Good,Good,Used,N/A,N/A
275,Product-257,New,N/A,New,N/A,N/A
276,Product-258,Used - Good,Good,Used,N/A,N/A
277,Product-258,New,N/A,New,N/A,N/A
278,Product-259,Used - Acceptable,Acceptable,Used,N/A,N/A
279,Product-260,New,N/A,New,N/A,N/A
280,Product-261,Used - Good,Good,Used,N/A,N/A
281,Product-261,New,N/A,New,N/A,N/A
282,Product-262,Used - Good,Good,Used,N/A,N/A
283,Product-263,New,N/A,New,N/A,N/A
284,Product-263,Used - Acceptable,Acceptable,Used,N/A,N/A
285,Product-263,Used - Good,Good,Used,N/A,N/A
286,Product-264,New,N/A,New,N/A,N/A
287,Product-264,Used - Good,Good,Used,N/A,N/A
288,Product-264,Used - Acceptable,Acceptable,Used,N/A,N/A
289,Product-265,Used - Good,Good,Used,N/A,N/A
290,Product-266,Used - Good,Good,Used,N/A,N/A
291,Product-266,New,N/A,New,N/A,N/A
292,Product-266,Used - Acceptable,Acceptable,Used,N/A,N/A
293,Product-267,Used - Acceptable,Acceptable,Used,N/A,N/A
294,Product-267,New,N/A,New,N/A,N/A
295,Product-267,Used - Good,Good,Used,N/A,N/A
296,Product-269,Used - Acceptable,Acceptable,Used,N/A,N/A
297,Product-269,New,N/A,New,N/A,N/A
298,Product-270,Used - Good,Good,Used,N/A,N/A
299,Product-270,Used - Acceptable,Acceptable,Used,N/A,N/A
300,Product-270,New,N/A,New,N/A,N/A
301,Product-271,Used - Good,Good,Used,N/A,N/A
302,Product-272,Used - Acceptable,Acceptable,Used,N/A,N/A
303,Product-272,Used - Good,Good,Used,N/A,N/A
304,Product-273,New,N/A,New,N/A,N/A
305,Product-274,Used - Good,Good,Used,N/A,N/A
306,Product-274,Used - Acceptable,Acceptable,Used,N/A,N/A
307,Product-274,New,N/A,New,N/A,N/A
308,Product-275,New,N/A,New,N/A,N/A
309,Product-275,Used - Acceptable,Acceptable,Used,N/A,N/A
310,Product-277,New,N/A,New,N/A,N/A
311,Product-277,Used - Acceptable,Acceptable,Used,N/A,N/A
312,Product-277,Used - Good,Good,Used,N/A,N/A
313,Product-278,Used - Acceptable,Acceptable,Used,N/A,N/A
314,Product-278,New,N/A,New,N/A,N/A
315,Product-281,New,N/A,New,N/A,N/A
316,Product-281,Used - Good,Good,Used,N/A,N/A
317,Product-282,Used - Acceptable,Acceptable,Used,N/A,N/A
318,Product-283,Used - Acceptable,Acceptable,Used,N/A,N/A
319,Product-283,Used - Good,Good,Used,N/A,N/A
320,Product-284,Used - Good,Good,Used,N/A,N/A
321,Product-285,Used - Good,Good,Used,N/A,N/A
322,Product-285,New,N/A,New,N/A,N/A
323,Product-285,Used - Acceptable,Acceptable,Used,N/A,N/A
324,Product-286,Used - Good,Good,Used,N/A,N/A
325,Product-286,New,N/A,New,N/A,N/A
326,Product-287,Used - Acceptable,Acceptable,Used,N/A,N/A
327,Product-287,New,N/A,New,N/A,N/A
328,Product-288,New,N/A,New,N/A,N/A
329,Product-288,Used - Good,Good,Used,N/A,N/A
330,Product-289,Used - Acceptable,Acceptable,Used,N/A,N/A
331,Product-289,Used - Good,Good,Used,N/A,N/A
332,Product-289,New,N/A,New,N/A,N/A
333,Product-290,New,N/A,New,N/A,N/A
334,Product-291,Used - Good,Good,Used,N/A,N/A
335,Product-291,Used - Acceptable,Acceptable,Used,N/A,N/A
336,Product-291,New,N/A,New,N/A,N/A
337,Product-292,Used - Good,Good,Used,N/A,N/A
338,Product-292,New,N/A,New,N/A,N/A
339,Product-293,New,N/A,New,N/A,N/A
340,Product-293,Used - Good,Good,Used,N/A,N/A
341,Product-294,Used - Acceptable,Acceptable,Used,N/A,N/A
342,Product-295,Used - Acceptable,Acceptable,Used,N/A,N/A
343,Product-295,New,N/A,New,N/A,N/A
344,Product-295,Used - Good,Good,Used,N/A,N/A
345,Product-296,New,N/A,New,N/A,N/A
346,Product-296,Used - Acceptable,Acceptable,Used,N/A,N/A
347,Product-297,New,N/A,New,N/A,N/A
348,Product-297,Used - Good,Good,Used,N/A,N/A
349,Product-298,Used - Acceptable,Acceptable,Used,N/A,N/A
350,Product-298,Used - Good,Good,Used,N/A,N/A
351,Product-298,New,N/A,New,N/A,N/A
352,Product-299,Used - Acceptable,Acceptable,Used,N/A,N/A
353,Product-299,New,N/A,New,N/A,N/A
354,Product-300,Used - Good,Good,Used,N/A,N/A
355,Product-300,Used - Acceptable,Acceptable,Used,N/A,N/A
356,Product-301,Used - Acceptable,Acceptable,Used,N/A,N/A
357,Product-301,New,N/A,New,N/A,N/A
358,Product-302,Used - Acceptable,Acceptable,Used,N/A,N/A
359,Product-302,New,N/A,New,N/A,N/A
360,Product-302,Used - Good,Good,Used,N/A,N/A
361,Product-303,New,N/A,New,N/A,N/A
362,Product-303,Used - Good,Good,Used,N/A,N/A
363,Product-304,Used - Acceptable,Acceptable,Used,N/A,N/A
364,Product-305,Used - Acceptable,Acceptable,Used,N/A,N/A
365,Product-305,Used - Good,Good,Used,N/A,N/A
366,Product-306,New,N/A,New,N/A,N/A
367,Product-307,New,N/A,New,N/A,N/A
368,Product-307,Used - Good,Good,Used,N/A,N/A
369,Product-307,Used - Acceptable,Acceptable,Used,N/A,N/A
370,Product-309,New,N/A,New,N/A,N/A
371,Product-311,New,N/A,New,N/A,N/A
372,Product-311,Used - Good,Good,Used,N/A,N/A
373,Product-311,Used - Acceptable,Acceptable,Used,N/A,N/A
374,Product-312,Used - Good,Good,Used,N/A,N/A
375,Product-312,Used - Acceptable,Acceptable,Used,N/A,N/A
376,Product-313,Used - Good,Good,Used,N/A,N/A
377,Product-313,Used - Acceptable,Acceptable,Used,N/A,N/A
378,Product-313,New,N/A,New,N/A,N/A
379,Product-314,Used - Acceptable,Acceptable,Used,N/A,N/A
380,Product-314,Used - Good,Good,Used,N/A,N/A
381,Product-315,Used - Acceptable,Acceptable,Used,N/A,N/A
382,Product-316,Used - Good,Good,Used,N/A,N/A
383,Product-316,New,N/A,New,N/A,N/A
384,Product-316,Used - Acceptable,Acceptable,Used,N/A,N/A
385,Product-317,Used - Acceptable,Acceptable,Used,N/A,N/A
386,Product-318,New,N/A,New,N/A,N/A
387,Product-318,Used - Acceptable,Acceptable,Used,N/A,N/A
388,Product-319,Used - Acceptable,Acceptable,Used,N/A,N/A
389,Product-319,New,N/A,New,N/A,N/A
390,Product-320,New,N/A,New,N/A,N/A
391,Product-320,Used - Acceptable,Acceptable,Used,N/A,N/A
392,Product-321,Used - Good,Good,Used,N/A,N/A
393,Product-321,New,N/A,New,N/A,N/A
394,Product-322,New,N/A,New,N/A,N/A
395,Product-322,Used - Good,Good,Used,N/A,N/A
396,Product-323,Used - Acceptable,Acceptable,Used,N/A,N/A
397,Product-323,New,N/A,New,N/A,N/A
398,Product-324,New,N/A,New,N/A,N/A
399,Product-325,New,N/A,New,N/A,N/A
400,Product-326,Used - Good,Good,Used,N/A,N/A
401,Product-326,New,N/A,New,N/A,N/A
402,Product-327,Used - Good,Good,Used,N/A,N/A
403,Product-327,Used - Acceptable,Acceptable,Used,N/A,N/A
404,Product-328,Used - Good,Good,Used,N/A,N/A
405,Product-328,New,N/A,New,N/A,N/A
406,Product-329,New,N/A,New,N/A,N/A
407,Product-329,Used - Good,Good,Used,N/A,N/A
408,Product-329,Used - Acceptable,Acceptable,Used,N/A,N/A
409,Product-330,Used - Acceptable,Acceptable,Used,N/A,N/A
410,Product-330,New,N/A,New,N/A,N/A
411,Product-330,Used - Good,Good,Used,N/A,N/A
412,Product-331,Used - Acceptable,Acceptable,Used,N/A,N/A
413,Product-331,Used - Good,Good,Used,N/A,N/A
414,Product-332,Used - Acceptable,Acceptable,Used,N/A,N/A
415,Product-333,New,N/A,New,N/A,N/A
416,Product-334,Used - Good,Good,Used,N/A,N/A
417,Product-334,Used - Acceptable,Acceptable,Used,N/A,N/A
418,Product-335,New,N/A,New,N/A,N/A
419,Product-335,Used - Good,Good,Used,N/A,N/A
420,Product-336,New,N/A,New,N/A,N/A
421,Product-336,Used - Good,Good,Used,N/A,N/A
422,Product-337,Used - Acceptable,Acceptable,Used,N/A,N/A
423,Product-337,New,N/A,New,N/A,N/A
424,Product-338,Used - Good,Good,Used,N/A,N/A
425,Product-338,New,N/A,New,N/A,N/A
426,Product-338,Used - Acceptable,Acceptable,Used,N/A,N/A
427,Product-339,Used - Acceptable,Acceptable,Used,N/A,N/A
428,Product-340,Used - Acceptable,Acceptable,Used,N/A,N/A
429,Product-340,Used - Good,Good,Used,N/A,N/A
430,Product-342,Used - Good,Good,Used,N/A,N/A
431,Product-342,Used - Acceptable,Acceptable,Used,N/A,N/A
432,Product-345,Used - Good,Good,Used,N/A,N/A
433,Product-347,New,N/A,New,N/A,N/A
434,Product-348,New,N/A,New,N/A,N/A
435,Product-349,New,N/A,New,N/A,N/A
436,Product-350,Used - Good,Good,Used,N/A,N/A
437,Product-350,Used - Acceptable,Acceptable,Used,N/A,N/A
438,Product-350,New,N/A,New,N/A,N/A
439,Product-351,New,N/A,New,N/A,N/A
440,Product-351,Used - Good,Good,Used,N/A,N/A
441,Product-351,Used - Acceptable,Acceptable,Used,N/A,N/A
442,Product-352,Used - Good,Good,Used,N/A,N/A
443,Product-352,New,N/A,New,N/A,N/A
444,Product-352,Used - Acceptable,Acceptable,Used,N/A,N/A
445,Product-353,New,N/A,New,N/A,N/A
446,Product-353,Used - Good,Good,Used,N/A,N/A
447,Product-354,Used - Acceptable,Acceptable,Used,N/A,N/A
448,Product-354,New,N/A,New,N/A,N/A
449,Product-355,Used - Good,Good,Used,N/A,N/A
450,Product-355,New,N/A,New,N/A,N/A
451,Product-356,Used - Acceptable,Acceptable,Used,N/A,N/A
452,Product-356,Used - Good,Good,Used,N/A,N/A
453,Product-357,Used - Acceptable,Acceptable,Used,N/A,N/A
454,Product-358,Used - Acceptable,Acceptable,Used,N/A,N/A
455,Product-358,Used - Good,Good,Used,N/A,N/A
456,Product-359,Used - Good,Good,Used,N/A,N/A
457,Product-359,New,N/A,New,N/A,N/A
458,Product-360,Used - Acceptable,Acceptable,Used,N/A,N/A
459,Product-360,New,N/A,New,N/A,N/A
460,Product-360,Used - Good,Good,Used,N/A,N/A
461,Product-361,New,N/A,New,N/A,N/A
462,Product-361,Used - Acceptable,Acceptable,Used,N/A,N/A
463,Product-362,Used - Good,Good,Used,N/A,N/A
464,Product-363,New,N/A,New,N/A,N/A
465,Product-364,Used - Good,Good,Used,N/A,N/A
466,Product-364,New,N/A,New,N/A,N/A
467,Product-365,Used - Acceptable,Acceptable,Used,N/A,N/A
468,Product-365,Used - Good,Good,Used,N/A,N/A
469,Product-365,New,N/A,New,N/A,N/A
470,Product-366,Used - Good,Good,Used,N/A,N/A
471,Product-366,Used - Acceptable,Acceptable,Used,N/A,N/A
472,Product-367,New,N/A,New,N/A,N/A
473,Product-367,Used - Acceptable,Acceptable,Used,N/A,N/A
474,Product-368,New,N/A,New,N/A,N/A
475,Product-369,Used - Acceptable,Acceptable,Used,N/A,N/A
476,Product-369,New,N/A,New,N/A,N/A
477,Product-370,Used - Acceptable,Acceptable,Used,N/A,N/A
478,Product-371,Used - Good,Good,Used,N/A,N/A
479,Product-371,Used - Acceptable,Acceptable,Used,N/A,N/A
480,Product-371,New,N/A,New,N/A,N/A
481,Product-372,Used - Acceptable,Acceptable,Used,N/A,N/A
482,Product-373,Used - Good,Good,Used,N/A,N/A
483,Product-373,New,N/A,New,N/A,N/A
484,Product-373,Used - Acceptable,Acceptable,Used,N/A,N/A
485,Product-375,Used - Acceptable,Acceptable,Used,N/A,N/A
486,Product-375,New,N/A,New,N/A,N/A
487,Product-375,Used - Good,Good,Used,N/A,N/A
488,Product-376,Used - Good,Good,Used,N/A,N/A
489,Product-376,New,N/A,New,N/A,N/A
490,Product-377,New,N/A,New,N/A,N/A
491,Product-377,Used - Acceptable,Acceptable,Used,N/A,N/A
492,Product-378,Used - Good,Good,Used,N/A,N/A
493,Product-378,New,N/A,New,N/A,N/A
494,Product-378,Used - Acceptable,Acceptable,Used,N/A,N/A
495,Product-379,New,N/A,New,N/A,N/A
496,Product-379,Used - Acceptable,Acceptable,Used,N/A,N/A
497,Product-379,Used - Good,Good,Used,N/A,N/A
498,Product-380,Used - Acceptable,Acceptable,Used,N/A,N/A
499,Product-380,New,N/A,New,N/A,N/A
500,Product-382,Used - Good,Good,Used,N/A,N/A
501,Product-382,New,N/A,New,N/A,N/A
502,Product-383,Used - Acceptable,Acceptable,Used,N/A,N/A
503,Product-383,New,N/A,New,N/A,N/A
504,Product-384,Used - Good,Good,Used,N/A,N/A
505,Product-386,New,N/A,New,N/A,N/A
506,Product-387,Used - Good,Good,Used,N/A,N/A
507,Product-387,Used - Acceptable,Acceptable,Used,N/A,N/A
508,Product-388,New,N/A,New,N/A,N/A
509,Product-388,Used - Acceptable,Acceptable,Used,N/A,N/A
510,Product-388,Used - Good,Good,Used,N/A,N/A
511,Product-389,Used - Acceptable,Acceptable,Used,N/A,N/A
512,Product-389,New,N/A,New,N/A,N/A
513,Product-390,New,N/A,New,N/A,N/A
514,Product-390,Used - Acceptable,Acceptable,Used,N/A,N/A
515,Product-390,Used - Good,Good,Used,N/A,N/A
516,Product-391,Used - Good,Good,Used,N/A,N/A
517,Product-391,Used - Acceptable,Acceptable,Used,N/A,N/A
518,Product-391,New,N/A,New,N/A,N/A
519,Product-392,Used - Acceptable,Acceptable,Used,N/A,N/A
520,Product-392,New,N/A,New,N/A,N/A
521,Product-393,Used - Acceptable,Acceptable,Used,N/A,N/A
522,Product-393,New,N/A,New,N/A,N/A
523,Product-394,Used - Good,Good,Used,N/A,N/A
524,Product-394,New,N/A,New,N/A,N/A
525,Product-396,New,N/A,New,N/A,N/A
526,Product-396,Used - Good,Good,Used,N/A,N/A
527,Product-397,New,N/A,New,N/A,N/A
528,Product-397,Used - Good,Good,Used,N/A,N/A
529,Product-398,Used - Acceptable,Acceptable,Used,N/A,N/A
530,Product-398,New,N/A,New,N/A,N/A
531,Product-398,Used - Good,Good,Used,N/A,N/A
532,Product-399,Used - Good,Good,Used,N/A,N/A
533,Product-399,New,N/A,New,N/A,N/A
534,Product-399,Used - Acceptable,Acceptable,Used,N/A,N/A
535,Product-400,Used - Acceptable,Acceptable,Used,N/A,N/A
536,Product-400,New,N/A,New,N/A,N/A
537,Product-401,Used - Good,Good,Used,N/A,N/A
538,Product-401,New,N/A,New,N/A,N/A
539,Product-401,Used - Acceptable,Acceptable,Used,N/A,N/A
540,Product-402,New,N/A,New,N/A,N/A
541,Product-402,Used - Good,Good,Used,N/A,N/A
542,Product-402,Used - Acceptable,Acceptable,Used,N/A,N/A
543,Product-403,New,N/A,New,N/A,N/A
544,Product-403,Used - Good,Good,Used,N/A,N/A
545,Product-404,New,N/A,New,N/A,N/A
546,Product-405,Used - Good,Good,Used,N/A,N/A
547,Product-405,New,N/A,New,N/A,N/A
548,Product-405,Used - Acceptable,Acceptable,Used,N/A,N/A
549,Product-407,Used - Good,Good,Used,N/A,N/A
550,Product-408,Used - Good,Good,Used,N/A,N/A
551,Product-408,New,N/A,New,N/A,N/A
552,Product-408,Used - Acceptable,Acceptable,Used,N/A,N/A
553,Product-410,Used - Acceptable,Acceptable,Used,N/A,N/A
554,Product-410,New,N/A,New,N/A,N/A
555,Product-411,New,N/A,New,N/A,N/A
556,Product-412,Used - Acceptable,Acceptable,Used,N/A,N/A
557,Product-413,Used - Acceptable,Acceptable,Used,N/A,N/A
558,Product-413,New,N/A,New,N/A,N/A
559,Product-415,New,N/A,New,N/A,N/A
560,Product-415,Used - Good,Good,Used,N/A,N/A
561,Product-416,Used - Acceptable,Acceptable,Used,N/A,N/A
562,Product-416,New,N/A,New,N/A,N/A
563,Product-417,New,N/A,New,N/A,N/A
564,Product-417,Used - Good,Good,Used,N/A,N/A
565,Product-420,Used - Acceptable,Acceptable,Used,N/A,N/A
566,Product-421,Used - Acceptable,Acceptable,Used,N/A,N/A
567,Product-421,Used - Good,Good,Used,N/A,N/A
568,Product-421,New,N/A,New,N/A,N/A
569,Product-422,Used - Good,Good,Used,N/A,N/A
570,Product-423,Used - Good,Good,Used,N/A,N/A
571,Product-423,Used - Acceptable,Acceptable,Used,N/A,N/A
572,Product-424,New,N/A,New,N/A,N/A
573,Product-424,Used - Acceptable,Acceptable,Used,N/A,N/A
574,Product-425,Used - Good,Good,Used,N/A,N/A
575,Product-425,Used - Acceptable,Acceptable,Used,N/A,N/A
576,Product-426,Used - Good,Good,Used,N/A,N/A
577,Product-426,Used - Acceptable,Acceptable,Used,N/A,N/A
578,Product-427,Used - Acceptable,Acceptable,Used,N/A,N/A
579,Product-427,Used - Good,Good,Used,N/A,N/A
580,Product-427,New,N/A,New,N/A,N/A
581,Product-428,Used - Acceptable,Acceptable,Used,N/A,N/A
582,Product-428,New,N/A,New,N/A,N/A
583,Product-429,Used - Good,Good,Used,N/A,N/A
584,Product-431,Used - Acceptable,Acceptable,Used,N/A,N/A
585,Product-433,Used - Acceptable,Acceptable,Used,N/A,N/A
586,Product-433,New,N/A,New,N/A,N/A
587,Product-433,Used - Good,Good,Used,N/A,N/A
588,Product-434,New,N/A,New,N/A,N/A
589,Product-435,Used - Good,Good,Used,N/A,N/A
590,Product-435,New,N/A,New,N/A,N/A
591,Product-435,Used - Acceptable,Acceptable,Used,N/A,N/A
592,Product-436,Used - Acceptable,Acceptable,Used,N/A,N/A
593,Product-437,Used - Acceptable,Acceptable,Used,N/A,N/A
594,Product-437,New,N/A,New,N/A,N/A
595,Product-438,Used - Acceptable,Acceptable,Used,N/A,N/A
596,Product-439,Used - Acceptable,Acceptable,Used,N/A,N/A
597,Product-439,Used - Good,Good,Used,N/A,N/A
598,Product-440,Used - Acceptable,Acceptable,Used,N/A,N/A
599,Product-440,Used - Good,Good,Used,N/A,N/A
600,Product-441,Used - Good,Good,Used,N/A,N/A
601,Product-442,Used - Good,Good,Used,N/A,N/A
602,Product-443,New,N/A,New,N/A,N/A
603,Product-443,Used - Acceptable,Acceptable,Used,N/A,N/A
604,Product-443,Used - Good,Good,Used,N/A,N/A
605,Product-446,New,N/A,New,N/A,N/A
606,Product-446,Used - Acceptable,Acceptable,Used,N/A,N/A
607,Product-447,Used - Good,Good,Used,N/A,N/A
608,Product-448,Used - Acceptable,Acceptable,Used,N/A,N/A
609,Product-448,New,N/A,New,N/A,N/A
610,Product-449,Used - Good,Good,Used,N/A,N/A
611,Product-449,New,N/A,New,N/A,N/A
612,Product-450,Used - Acceptable,Acceptable,Used,N/A,N/A
613,Product-451,New,N/A,New,N/A,N/A
614,Product-451,Used - Good,Good,Used,N/A,N/A
615,Product-452,Used - Good,Good,Used,N/A,N/A
616,Product-452,Used - Acceptable,Acceptable,Used,N/A,N/A
617,Product-453,Used - Good,Good,Used,N/A,N/A
618,Product-453,Used - Acceptable,Acceptable,Used,N/A,N/A
619,Product-453,New,N/A,New,N/A,N/A
620,Product-454,Used - Acceptable,Acceptable,Used,N/A,N/A
621,Product-454,New,N/A,New,N/A,N/A
622,Product-455,Used - Acceptable,Acceptable,Used,N/A,N/A
623,Product-456,Used - Good,Good,Used,N/A,N/A
624,Product-457,New,N/A,New,N/A,N/A
625,Product-457,Used - Good,Good,Used,N/A,N/A
626,Product-457,Used - Acceptable,Acceptable,Used,N/A,N/A
627,Product-458,Used - Good,Good,Used,N/A,N/A
628,Product-458,Used - Acceptable,Acceptable,Used,N/A,N/A
629,Product-458,New,N/A,New,N/A,N/A
630,Product-459,Used - Good,Good,Used,N/A,N/A
631,Product-460,New,N/A,New,N/A,N/A
632,Product-460,Used - Good,Good,Used,N/A,N/A
633,Product-461,Used - Acceptable,Acceptable,Used,N/A,N/A
634,Product-462,Used - Good,Good,Used,N/A,N/A
635,Product-463,Used - Good,Good,Used,N/A,N/A
636,Product-463,Used - Acceptable,Acceptable,Used,N/A,N/A
637,Product-464,New,N/A,New,N/A,N/A
638,Product-464,Used - Good,Good,Used,N/A,N/A
639,Product-464,Used - Acceptable,Acceptable,Used,N/A,N/A
640,Product-465,Used - Acceptable,Acceptable,Used,N/A,N/A
641,Product-465,Used - Good,Good,Used,N/A,N/A
642,Product-466,New,N/A,New,N/A,N/A
643,Product-467,New,N/A,New,N/A,N/A
644,Product-467,Used - Good,Good,Used,N/A,N/A
645,Product-468,New,N/A,New,N/A,N/A
646,Product-468,Used - Acceptable,Acceptable,Used,N/A,N/A
647,Product-468,Used - Good,Good,Used,N/A,N/A
648,Product-469,Used - Acceptable,Acceptable,Used,N/A,N/A
649,Product-469,New,N/A,New,N/A,N/A
650,Product-470,Used - Acceptable,Acceptable,Used,N/A,N/A
651,Product-470,Used - Good,Good,Used,N/A,N/A
652,Product-470,New,N/A,New,N/A,N/A
653,Product-471,New,N/A,New,N/A,N/A
654,Product-471,Used - Good,Good,Used,N/A,N/A
655,Product-471,Used - Acceptable,Acceptable,Used,N/A,N/A
656,Product-472,New,N/A,New,N/A,N/A
657,Product-473,Used - Acceptable,Acceptable,Used,N/A,N/A
658,Product-473,New,N/A,New,N/A,N/A
659,Product-474,Used - Good,Good,Used,N/A,N/A
660,Product-474,Used - Acceptable,Acceptable,Used,N/A,N/A
661,Product-474,New,N/A,New,N/A,N/A
662,Product-475,Used - Good,Good,Used,N/A,N/A
663,Product-475,Used - Acceptable,Acceptable,Used,N/A,N/A
664,Product-475,New,N/A,New,N/A,N/A
665,Product-476,New,N/A,New,N/A,N/A
666,Product-476,Used - Good,Good,Used,N/A,N/A
667,Product-477,Used - Acceptable,Acceptable,Used,N/A,N/A
668,Product-478,New,N/A,New,N/A,N/A
669,Product-478,Used - Acceptable,Acceptable,Used,N/A,N/A
670,Product-478,Used - Good,Good,Used,N/A,N/A
671,Product-479,Used - Good,Good,Used,N/A,N/A
672,Product-479,Used - Acceptable,Acceptable,Used,N/A,N/A
673,Product-479,New,N/A,New,N/A,N/A
674,Product-480,Used - Acceptable,Acceptable,Used,N/A,N/A
675,Product-480,New,N/A,New,N/A,N/A
676,Product-480,Used - Good,Good,Used,N/A,N/A
677,Product-481,Used - Acceptable,Acceptable,Used,N/A,N/A
678,Product-482,New,N/A,New,N/A,N/A
679,Product-482,Used - Acceptable,Acceptable,Used,N/A,N/A
680,Product-483,Used - Acceptable,Acceptable,Used,N/A,N/A
681,Product-483,New,N/A,New,N/A,N/A
682,Product-483,Used - Good,Good,Used,N/A,N/A
683,Product-484,Used - Good,Good,Used,N/A,N/A
684,Product-484,New,N/A,New,N/A,N/A
685,Product-485,Used - Good,Good,Used,N/A,N/A
686,Product-485,New,N/A,New,N/A,N/A
687,Product-485,Used - Acceptable,Acceptable,Used,N/A,N/A
688,Product-486,New,N/A,New,N/A,N/A
689,Product-486,Used - Good,Good,Used,N/A,N/A
690,Product-487,Used - Acceptable,Acceptable,Used,N/A,N/A
691,Product-487,Used - Good,Good,Used,N/A,N/A
692,Product-488,New,N/A,New,N/A,N/A
693,Product-489,New,N/A,New,N/A,N/A
694,Product-490,Used - Acceptable,Acceptable,Used,N/A,N/A
695,Product-492,Used - Good,Good,Used,N/A,N/A
696,Product-492,Used - Acceptable,Acceptable,Used,N/A,N/A
697,Product-493,New,N/A,New,N/A,N/A
698,Product-493,Used - Good,Good,Used,N/A,N/A
699,Product-494,Used - Acceptable,Acceptable,Used,N/A,N/A
700,Product-494,New,N/A,New,N/A,N/A
701,Product-495,Used - Good,Good,Used,N/A,N/A
702,Product-495,Used - Acceptable,Acceptable,Used,N/A,N/A
703,Product-495,New,N/A,New,N/A,N/A
704,Product-496,Used - Acceptable,Acceptable,Used,N/A,N/A
705,Product-496,Used - Good,Good,Used,N/A,N/A
706,Product-496,New,N/A,New,N/A,N/A
707,Product-497,Used - Good,Good,Used,N/A,N/A
708,Product-497,New,N/A,New,N/A,N/A
709,Product-499,Used - Good,Good,Used,N/A,N/A
710,Product-499,New,N/A,New,N/A,N/A
711,Product-500,New,N/A,New,N/A,N/A
712,Product-500,Used - Acceptable,Acceptable,Used,N/A,N/A
713,Product-501,New,N/A,New,N/A,N/A
714,Product-501,Used - Acceptable,Acceptable,Used,N/A,N/A
715,Product-502,Used - Acceptable,Acceptable,Used,N/A,N/A
716,Product-502,New,N/A,New,N/A,N/A
717,Product-504,Used - Acceptable,Acceptable,Used,N/A,N/A
718,Product-504,Used - Good,Good,Used,N/A,N/A
719,Product-505,Used - Acceptable,Acceptable,Used,N/A,N/A
720,Product-505,Used - Good,Good,Used,N/A,N/A
721,Product-506,Used - Good,Good,Used,N/A,N/A
722,Product-506,Used - Acceptable,Acceptable,Used,N/A,N/A
723,Product-507,New,N/A,New,N/A,N/A
724,Product-507,Used - Acceptable,Acceptable,Used,N/A,N/A
725,Product-508,New,N/A,New,N/A,N/A
726,Product-508,Used - Good,Good,Used,N/A,N/A
727,Product-509,Used - Acceptable,Acceptable,Used,N/A,N/A
728,Product-509,New,N/A,New,N/A,N/A
729,Product-510,Used - Good,Good,Used,N/A,N/A
730,Product-510,New,N/A,New,N/A,N/A
731,Product-511,Used - Acceptable,Acceptable,Used,N/A,N/A
732,Product-511,New,N/A,New,N/A,N/A
733,Product-511,Used - Good,Good,Used,N/A,N/A
734,Product-512,New,N/A,New,N/A,N/A
735,Product-513,Used - Acceptable,Acceptable,Used,N/A,N/A
736,Product-513,Used - Good,Good,Used,N/A,N/A
737,Product-514,Used - Good,Good,Used,N/A,N/A
738,Product-515,Used - Acceptable,Acceptable,Used,N/A,N/A
739,Product-516,Used - Acceptable,Acceptable,Used,N/A,N/A
740,Product-516,New,N/A,New,N/A,N/A
741,Product-516,Used - Good,Good,Used,N/A,N/A
742,Product-517,Used - Acceptable,Acceptable,Used,N/A,N/A
743,Product-517,Used - Good,Good,Used,N/A,N/A
744,Product-518,New,N/A,New,N/A,N/A
745,Product-518,Used - Acceptable,Acceptable,Used,N/A,N/A
746,Product-519,New,N/A,New,N/A,N/A
747,Product-519,Used - Acceptable,Acceptable,Used,N/A,N/A
748,Product-519,Used - Good,Good,Used,N/A,N/A
749,Product-520,New,N/A,New,N/A,N/A
750,Product-520,Used - Acceptable,Acceptable,Used,N/A,N/A
751,Product-521,Used - Acceptable,Acceptable,Used,N/A,N/A
752,Product-521,Used - Good,Good,Used,N/A,N/A
753,Product-522,New,N/A,New,N/A,N/A
754,Product-522,Used - Acceptable,Acceptable,Used,N/A,N/A
755,Product-523,New,N/A,New,N/A,N/A
756,Product-523,Used - Acceptable,Acceptable,Used,N/A,N/A
757,Product-523,Used - Good,Good,Used,N/A,N/A
758,Product-524,Used - Good,Good,Used,N/A,N/A
759,Product-524,Used - Acceptable,Acceptable,Used,N/A,N/A
760,Product-525,Used - Acceptable,Acceptable,Used,N/A,N/A
761,Product-525,Used - Good,Good,Used,N/A,N/A
762,Product-525,New,N/A,New,N/A,N/A
763,Product-526,New,N/A,New,N/A,N/A
764,Product-526,Used - Good,Good,Used,N/A,N/A
765,Product-527,New,N/A,New,N/A,N/A
766,Product-528,Used - Acceptable,Acceptable,Used,N/A,N/A
767,Product-528,Used - Good,Good,Used,N/A,N/A
768,Product-529,New,N/A,New,N/A,N/A
769,Product-529,Used - Good,Good,Used,N/A,N/A
770,Product-529,Used - Acceptable,Acceptable,Used,N/A,N/A
771,Product-530,Used - Acceptable,Acceptable,Used,N/A,N/A
772,Product-530,Used - Good,Good,Used,N/A,N/A
773,Product-531,New,N/A,New,N/A,N/A
774,Product-531,Used - Good,Good,Used,N/A,N/A
775,Product-532,New,N/A,New,N/A,N/A
776,Product-532,Used - Good,Good,Used,N/A,N/A
777,Product-532,Used - Acceptable,Acceptable,Used,N/A,N/A
778,Product-533,Used - Acceptable,Acceptable,Used,N/A,N/A
779,Product-533,New,N/A,New,N/A,N/A
780,Product-535,Used - Acceptable,Acceptable,Used,N/A,N/A
781,Product-535,Used - Good,Good,Used,N/A,N/A
782,Product-535,New,N/A,New,N/A,N/A
783,Product-536,New,N/A,New,N/A,N/A
784,Product-536,Used - Good,Good,Used,N/A,N/A
785,Product-537,Used - Good,Good,Used,N/A,N/A
786,Product-538,Used - Acceptable,Acceptable,Used,N/A,N/A
787,Product-538,Used - Good,Good,Used,N/A,N/A
788,Product-538,New,N/A,New,N/A,N/A
789,Product-539,Used - Good,Good,Used,N/A,N/A
790,Product-540,Used - Acceptable,Acceptable,Used,N/A,N/A
791,Product-540,New,N/A,New,N/A,N/A
792,Product-541,Used - Good,Good,Used,N/A,N/A
793,Product-541,New,N/A,New,N/A,N/A
794,Product-541,Used - Acceptable,Acceptable,Used,N/A,N/A
795,Product-542,Used - Acceptable,Acceptable,Used,N/A,N/A
796,Product-542,New,N/A,New,N/A,N/A
797,Product-543,Used - Acceptable,Acceptable,Used,N/A,N/A
798,Product-543,New,N/A,New,N/A,N/A
799,Product-543,Used - Good,Good,Used,N/A,N/A
800,Product-544,Used - Good,Good,Used,N/A,N/A
801,Product-545,New,N/A,New,N/A,N/A
802,Product-545,Used - Acceptable,Acceptable,Used,N/A,N/A
803,Product-546,New,N/A,New,N/A,N/A
804,Product-546,Used - Good,Good,Used,N/A,N/A
805,Product-547,Used - Good,Good,Used,N/A,N/A
806,Product-547,New,N/A,New,N/A,N/A
807,Product-548,Used - Acceptable,Acceptable,Used,N/A,N/A
808,Product-548,Used - Good,Good,Used,N/A,N/A
809,Product-550,Used - Acceptable,Acceptable,Used,N/A,N/A
810,Product-550,Used - Good,Good,Used,N/A,N/A
811,Product-551,Used - Acceptable,Acceptable,Used,N/A,N/A
812,Product-552,Used - Good,Good,Used,N/A,N/A
813,Product-553,Used - Good,Good,Used,N/A,N/A
814,Product-553,New,N/A,New,N/A,N/A
815,Product-553,Used - Acceptable,Acceptable,Used,N/A,N/A
816,Product-554,Used - Good,Good,Used,N/A,N/A
817,Product-555,New,N/A,New,N/A,N/A
818,Product-556,Used - Good,Good,Used,N/A,N/A
819,Product-556,Used - Acceptable,Acceptable,Used,N/A,N/A
820,Product-559,Used - Good,Good,Used,N/A,N/A
821,Product-559,New,N/A,New,N/A,N/A
822,Product-560,Used - Acceptable,Acceptable,Used,N/A,N/A
823,Product-560,New,N/A,New,N/A,N/A
824,Product-560,Used - Good,Good,Used,N/A,N/A
825,Product-561,Used - Good,Good,Used,N/A,N/A
826,Product-561,New,N/A,New,N/A,N/A
827,Product-563,Used - Good,Good,Used,N/A,N/A
828,Product-563,New,N/A,New,N/A,N/A
829,Product-564,New,N/A,New,N/A,N/A
830,Product-564,Used - Good,Good,Used,N/A,N/A
831,Product-565,Used - Acceptable,Acceptable,Used,N/A,N/A
832,Product-566,Used - Acceptable,Acceptable,Used,N/A,N/A
833,Product-566,Used - Good,Good,Used,N/A,N/A
834,Product-567,New,N/A,New,N/A,N/A
835,Product-567,Used - Acceptable,Acceptable,Used,N/A,N/A
836,Product-567,Used - Good,Good,Used,N/A,N/A
837,Product-568,Used - Acceptable,Acceptable,Used,N/A,N/A
838,Product-568,Used - Good,Good,Used,N/A,N/A
839,Product-568,New,N/A,New,N/A,N/A
840,Product-570,New,N/A,New,N/A,N/A
841,Product-571,New,N/A,New,N/A,N/A
842,Product-571,Used - Acceptable,Acceptable,Used,N/A,N/A
843,Product-572,Used - Good,Good,Used,N/A,N/A
844,Product-572,New,N/A,New,N/A,N/A
845,Product-572,Used - Acceptable,Acceptable,Used,N/A,N/A
846,Product-573,Used - Acceptable,Acceptable,Used,N/A,N/A
847,Product-573,New,N/A,New,N/A,N/A
848,Product-573,Used - Good,Good,Used,N/A,N/A
849,Product-574,Used - Acceptable,Acceptable,Used,N/A,N/A
850,Product-575,Used - Good,Good,Used,N/A,N/A
851,Product-575,New,N/A,New,N/A,N/A
852,Product-576,Used - Acceptable,Acceptable,Used,N/A,N/A
853,Product-576,New,N/A,New,N/A,N/A
854,Product-576,Used - Good,Good,Used,N/A,N/A
855,Product-577,Used - Acceptable,Acceptable,Used,N/A,N/A
856,Product-577,Used - Good,Good,Used,N/A,N/A
857,Product-578,Used - Acceptable,Acceptable,Used,N/A,N/A
858,Product-578,Used - Good,Good,Used,N/A,N/A
859,Product-578,New,N/A,New,N/A,N/A
860,Product-579,Used - Good,Good,Used,N/A,N/A
861,Product-580,Used - Good,Good,Used,N/A,N/A
862,Product-581,Used - Good,Good,Used,N/A,N/A
863,Product-582,Used - Good,Good,Used,N/A,N/A
864,Product-582,New,N/A,New,N/A,N/A
865,Product-584,Used - Acceptable,Acceptable,Used,N/A,N/A
866,Product-585,New,N/A,New,N/A,N/A
867,Product-585,Used - Good,Good,Used,N/A,N/A
868,Product-585,Used - Acceptable,Acceptable,Used,N/A,N/A
869,Product-586,New,N/A,New,N/A,N/A
870,Product-586,Used - Good,Good,Used,N/A,N/A
871,Product-587,New,N/A,New,N/A,N/A
872,Product-588,Used - Good,Good,Used,N/A,N/A
873,Product-588,New,N/A,New,N/A,N/A
874,Product-588,Used - Acceptable,Acceptable,Used,N/A,N/A
875,Product-590,New,N/A,New,N/A,N/A
876,Product-590,Used - Good,Good,Used,N/A,N/A
877,Product-590,Used - Acceptable,Acceptable,Used,N/A,N/A
878,Product-591,New,N/A,New,N/A,N/A
879,Product-591,Used - Good,Good,Used,N/A,N/A
880,Product-592,New,N/A,New,N/A,N/A
881,Product-593,Used - Acceptable,Acceptable,Used,N/A,N/A
882,Product-594,Used - Good,Good,Used,N/A,N/A
883,Product-594,New,N/A,New,N/A,N/A
884,Product-594,Used - Acceptable,Acceptable,Used,N/A,N/A
885,Product-595,Used - Good,Good,Used,N/A,N/A
886,Product-595,New,N/A,New,N/A,N/A
887,Product-595,Used - Acceptable,Acceptable,Used,N/A,N/A
888,Product-596,Used - Acceptable,Acceptable,Used,N/A,N/A
889,Product-596,Used - Good,Good,Used,N/A,N/A
890,Product-597,Used - Good,Good,Used,N/A,N/A
891,Product-597,New,N/A,New,N/A,N/A
892,Product-598,Used - Good,Good,Used,N/A,N/A
893,Product-599,Used - Acceptable,Acceptable,Used,N/A,N/A
894,Product-599,Used - Good,Good,Used,N/A,N/A
895,Product-599,New,N/A,New,N/A,N/A
896,Product-600,New,N/A,New,N/A,N/A
897,Product-601,Used - Good,Good,Used,N/A,N/A
898,Product-601,Used - Acceptable,Acceptable,Used,N/A,N/A
899,Product-602,Used - Acceptable,Acceptable,Used,N/A,N/A
900,Product-603,Used - Good,Good,Used,N/A,N/A
901,Product-604,New,N/A,New,N/A,N/A
902,Product-604,Used - Good,Good,Used,N/A,N/A
903,Product-605,New,N/A,New,N/A,N/A
904,Product-605,Used - Acceptable,Acceptable,Used,N/A,N/A
905,Product-606,New,N/A,New,N/A,N/A
906,Product-606,Used - Acceptable,Acceptable,Used,N/A,N/A
907,Product-608,New,N/A,New,N/A,N/A
908,Product-610,New,N/A,New,N/A,N/A
909,Product-610,Used - Good,Good,Used,N/A,N/A
910,Product-611,New,N/A,New,N/A,N/A
911,Product-612,New,N/A,New,N/A,N/A
912,Product-613,Used - Good,Good,Used,N/A,N/A
913,Product-613,Used - Acceptable,Acceptable,Used,N/A,N/A
914,Product-614,Used - Acceptable,Acceptable,Used,N/A,N/A
915,Product-614,Used - Good,Good,Used,N/A,N/A
916,Product-615,Used - Good,Good,Used,N/A,N/A
917,Product-615,Used - Acceptable,Acceptable,Used,N/A,N/A
918,Product-616,New,N/A,New,N/A,N/A
919,Product-616,Used - Acceptable,Acceptable,Used,N/A,N/A
920,Product-616,Used - Good,Good,Used,N/A,N/A
921,Product-617,Used - Good,Good,Used,N/A,N/A
922,Product-617,Used - Acceptable,Acceptable,Used,N/A,N/A
923,Product-617,New,N/A,New,N/A,N/A
924,Product-618,Used - Acceptable,Acceptable,Used,N/A,N/A
925,Product-618,New,N/A,New,N/A,N/A
926,Product-619,Used - Good,Good,Used,N/A,N/A
927,Product-620,Used - Good,Good,Used,N/A,N/A
928,Product-621,New,N/A,New,N/A,N/A
929,Product-621,Used - Good,Good,Used,N/A,N/A
930,Product-621,Used - Acceptable,Acceptable,Used,N/A,N/A
931,Product-622,Used - Acceptable,Acceptable,Used,N/A,N/A
932,Product-623,New,N/A,New,N/A,N/A
933,Product-624,Used - Good,Good,Used,N/A,N/A
934,Product-624,Used - Acceptable,Acceptable,Used,N/A,N/A
935,Product-624,New,N/A,New,N/A,N/A
936,Product-625,Used - Good,Good,Used,N/A,N/A
937,Product-625,Used - Acceptable,Acceptable,Used,N/A,N/A
938,Product-625,New,N/A,New,N/A,N/A
939,Product-626,Used - Acceptable,Acceptable,Used,N/A,N/A
940,Product-627,New,N/A,New,N/A,N/A
941,Product-627,Used - Acceptable,Acceptable,Used,N/A,N/A
942,Product-627,Used - Good,Good,Used,N/A,N/A
943,Product-628,Used - Good,Good,Used,N/A,N/A
944,Product-629,Used - Acceptable,Acceptable,Used,N/A,N/A
945,Product-629,New,N/A,New,N/A,N/A
946,Product-630,New,N/A,New,N/A,N/A
947,Product-631,New,N/A,New,N/A,N/A
948,Product-631,Used - Good,Good,Used,N/A,N/A
949,Product-632,Used - Acceptable,Acceptable,Used,N/A,N/A
950,Product-633,New,N/A,New,N/A,N/A
951,Product-633,Used - Acceptable,Acceptable,Used,N/A,N/A
952,Product-634,Used - Acceptable,Acceptable,Used,N/A,N/A
953,Product-634,Used - Good,Good,Used,N/A,N/A
954,Product-635,Used - Acceptable,Acceptable,Used,N/A,N/A
955,Product-635,Used - Good,Good,Used,N/A,N/A
956,Product-636,Used - Acceptable,Acceptable,Used,N/A,N/A
957,Product-637,Used - Acceptable,Acceptable,Used,N/A,N/A
958,Product-638,Used - Acceptable,Acceptable,Used,N/A,N/A
959,Product-638,Used - Good,Good,Used,N/A,N/A
960,Product-638,New,N/A,New,N/A,N/A
961,Product-639,New,N/A,New,N/A,N/A
962,Product-640,Used - Good,Good,Used,N/A,N/A
963,Product-641,Used - Good,Good,Used,N/A,N/A
964,Product-641,Used - Acceptable,Acceptable,Used,N/A,N/A
965,Product-641,New,N/A,New,N/A,N/A
966,Product-642,New,N/A,New,N/A,N/A
967,Product-642,Used - Good,Good,Used,N/A,N/A
968,Product-642,Used - Acceptable,Acceptable,Used,N/A,N/A
969,Product-643,Used - Good,Good,Used,N/A,N/A
970,Product-643,Used - Acceptable,Acceptable,Used,N/A,N/A
971,Product-644,Used - Good,Good,Used,N/A,N/A
972,Product-645,New,N/A,New,N/A,N/A
973,Product-645,Used - Acceptable,Acceptable,Used,N/A,N/A
974,Product-646,Used - Good,Good,Used,N/A,N/A
975,Product-646,Used - Acceptable,Acceptable,Used,N/A,N/A
976,Product-647,Used - Good,Good,Used,N/A,N/A
977,Product-647,New,N/A,New,N/A,N/A
978,Product-648,New,N/A,New,N/A,N/A
979,Product-648,Used - Acceptable,Acceptable,Used,N/A,N/A
980,Product-649,Used - Good,Good,Used,N/A,N/A
981,Product-649,New,N/A,New,N/A,N/A
982,Product-650,New,N/A,New,N/A,N/A
983,Product-650,Used - Good,Good,Used,N/A,N/A
984,Product-651,Used - Acceptable,Acceptable,Used,N/A,N/A
985,Product-651,Used - Good,Good,Used,N/A,N/A
986,Product-652,New,N/A,New,N/A,N/A
987,Product-652,Used - Good,Good,Used,N/A,N/A
988,Product-652,Used - Acceptable,Acceptable,Used,N/A,N/A
989,Product-653,New,N/A,New,N/A,N/A
990,Product-653,Used - Acceptable,Acceptable,Used,N/A,N/A
991,Product-654,Used - Good,Good,Used,N/A,N/A
992,Product-655,Used - Good,Good,Used,N/A,N/A
993,Product-655,Used - Acceptable,Acceptable,Used,N/A,N/A
994,Product-656,New,N/A,New,N/A,N/A
995,Product-657,Used - Good,Good,Used,N/A,N/A
996,Product-658,Used - Good,Good,Used,N/A,N/A
997,Product-658,Used - Acceptable,Acceptable,Used,N/A,N/A
998,Product-659,Used - Good,Good,Used,N/A,N/A
999,Product-659,New,N/A,New,N/A,N/A
1000,Product-659,Used - Acceptable,Acceptable,Used,N/A,N/A
1001,Product-660,Used - Good,Good,Used,N/A,N/A
1002,Product-660,Used - Acceptable,Acceptable,Used,N/A,N/A
1003,Product-660,New,N/A,New,N/A,N/A
1004,Product-661,New,N/A,New,N/A,N/A
1005,Product-661,Used - Good,Good,Used,N/A,N/A
1006,Product-662,Used - Good,Good,Used,N/A,N/A
1007,Product-663,New,N/A,New,N/A,N/A
1008,Product-664,New,N/A,New,N/A,N/A
1009,Product-664,Used - Good,Good,Used,N/A,N/A
1010,Product-665,Used - Acceptable,Acceptable,Used,N/A,N/A
1011,Product-665,Used - Good,Good,Used,N/A,N/A
1012,Product-665,New,N/A,New,N/A,N/A
1013,Product-666,New,N/A,New,N/A,N/A
1014,Product-666,Used - Acceptable,Acceptable,Used,N/A,N/A
1015,Product-667,Used - Good,Good,Used,N/A,N/A
1016,Product-667,Used - Acceptable,Acceptable,Used,N/A,N/A
1017,Product-668,New,N/A,New,N/A,N/A
1018,Product-668,Used - Good,Good,Used,N/A,N/A
1019,Product-668,Used - Acceptable,Acceptable,Used,N/A,N/A
1020,Product-669,New,N/A,New,N/A,N/A
1021,Product-669,Used - Good,Good,Used,N/A,N/A
1022,Product-670,Used - Acceptable,Acceptable,Used,N/A,N/A
1023,Product-670,New,N/A,New,N/A,N/A
1024,Product-670,Used - Good,Good,Used,N/A,N/A
1025,Product-671,Used - Good,Good,Used,N/A,N/A
1026,Product-673,New,N/A,New,N/A,N/A
1027,Product-673,Used - Acceptable,Acceptable,Used,N/A,N/A
1028,Product-674,Used - Acceptable,Acceptable,Used,N/A,N/A
1029,Product-674,Used - Good,Good,Used,N/A,N/A
1030,Product-675,Used - Good,Good,Used,N/A,N/A
1031,Product-675,Used - Acceptable,Acceptable,Used,N/A,N/A
1032,Product-676,Used - Acceptable,Acceptable,Used,N/A,N/A
1033,Product-677,Used - Acceptable,Acceptable,Used,N/A,N/A
1034,Product-677,New,N/A,New,N/A,N/A
1035,Product-677,Used - Good,Good,Used,N/A,N/A
1036,Product-678,Used - Acceptable,Acceptable,Used,N/A,N/A
1037,Product-679,New,N/A,New,N/A,N/A
1038,Product-680,New,N/A,New,N/A,N/A
1039,Product-680,Used - Good,Good,Used,N/A,N/A
1040,Product-681,Used - Good,Good,Used,N/A,N/A
1041,Product-682,Used - Acceptable,Acceptable,Used,N/A,N/A
1042,Product-682,New,N/A,New,N/A,N/A
1043,Product-683,New,N/A,New,N/A,N/A
1044,Product-684,New,N/A,New,N/A,N/A
1045,Product-685,New,N/A,New,N/A,N/A
1046,Product-686,New,N/A,New,N/A,N/A
1047,Product-686,Used - Acceptable,Acceptable,Used,N/A,N/A
1048,Product-686,Used - Good,Good,Used,N/A,N/A
1049,Product-687,Used - Good,Good,Used,N/A,N/A
1050,Product-687,New,N/A,New,N/A,N/A
1051,Product-688,Used - Acceptable,Acceptable,Used,N/A,N/A
1052,Product-688,New,N/A,New,N/A,N/A
1053,Product-688,Used - Good,Good,Used,N/A,N/A
1054,Product-689,New,N/A,New,N/A,N/A
1055,Product-690,New,N/A,New,N/A,N/A
1056,Product-690,Used - Acceptable,Acceptable,Used,N/A,N/A
1057,Product-691,New,N/A,New,N/A,N/A
1058,Product-693,Used - Good,Good,Used,N/A,N/A
1059,Product-693,New,N/A,New,N/A,N/A
1060,Product-694,Used - Good,Good,Used,N/A,N/A
1061,Product-694,Used - Acceptable,Acceptable,Used,N/A,N/A
1062,Product-694,New,N/A,New,N/A,N/A
1063,Product-696,Used - Good,Good,Used,N/A,N/A
1064,Product-696,New,N/A,New,N/A,N/A
1065,Product-696,Used - Acceptable,Acceptable,Used,N/A,N/A
1066,Product-697,Used - Acceptable,Acceptable,Used,N/A,N/A
1067,Product-697,Used - Good,Good,Used,N/A,N/A
1068,Product-697,New,N/A,New,N/A,N/A
1069,Product-698,Used - Acceptable,Acceptable,Used,N/A,N/A
1070,Product-698,New,N/A,New,N/A,N/A
1071,Product-699,Used - Good,Good,Used,N/A,N/A
1072,Product-699,New,N/A,New,N/A,N/A
1073,Product-699,Used - Acceptable,Acceptable,Used,N/A,N/A
1074,Product-700,Used - Good,Good,Used,N/A,N/A
1075,Product-700,Used - Acceptable,Acceptable,Used,N/A,N/A
1076,Product-700,New,N/A,New,N/A,N/A
1077,Product-701,New,N/A,New,N/A,N/A
1078,Product-702,Used - Good,Good,Used,N/A,N/A
1079,Product-702,New,N/A,New,N/A,N/A
1080,Product-702,Used - Acceptable,Acceptable,Used,N/A,N/A
1081,Product-703,Used - Acceptable,Acceptable,Used,N/A,N/A
1082,Product-703,New,N/A,New,N/A,N/A
1083,Product-704,New,N/A,New,N/A,N/A
1084,Product-705,New,N/A,New,N/A,N/A
1085,Product-705,Used - Acceptable,Acceptable,Used,N/A,N/A
1086,Product-706,New,N/A,New,N/A,N/A
1087,Product-706,Used - Acceptable,Acceptable,Used,N/A,N/A
1088,Product-707,Used - Acceptable,Acceptable,Used,N/A,N/A
1089,Product-707,Used - Good,Good,Used,N/A,N/A
1090,Product-708,New,N/A,New,N/A,N/A
1091,Product-708,Used - Good,Good,Used,N/A,N/A
1092,Product-709,Used - Acceptable,Acceptable,Used,N/A,N/A
1093,Product-709,New,N/A,New,N/A,N/A
1094,Product-709,Used - Good,Good,Used,N/A,N/A
1095,Product-710,Used - Acceptable,Acceptable,Used,N/A,N/A
1096,Product-710,New,N/A,New,N/A,N/A
1097,Product-711,New,N/A,New,N/A,N/A
1098,Product-712,Used - Good,Good,Used,N/A,N/A
1099,Product-712,Used - Acceptable,Acceptable,Used,N/A,N/A
1100,Product-712,New,N/A,New,N/A,N/A
1101,Product-713,New,N/A,New,N/A,N/A
1102,Product-713,Used - Acceptable,Acceptable,Used,N/A,N/A
1103,Product-713,Used - Good,Good,Used,N/A,N/A
1104,Product-714,Used - Acceptable,Acceptable,Used,N/A,N/A
1105,Product-715,Used - Acceptable,Acceptable,Used,N/A,N/A
1106,Product-716,Used - Acceptable,Acceptable,Used,N/A,N/A
1107,Product-716,Used - Good,Good,Used,N/A,N/A
1108,Product-717,Used - Acceptable,Acceptable,Used,N/A,N/A
1109,Product-717,Used - Good,Good,Used,N/A,N/A
1110,Product-717,New,N/A,New,N/A,N/A
1111,Product-718,Used - Good,Good,Used,N/A,N/A
1112,Product-718,New,N/A,New,N/A,N/A
1113,Product-718,Used - Acceptable,Acceptable,Used,N/A,N/A
1114,Product-719,New,N/A,New,N/A,N/A
1115,Product-720,New,N/A,New,N/A,N/A
1116,Product-720,Used - Acceptable,Acceptable,Used,N/A,N/A
1117,Product-720,Used - Good,Good,Used,N/A,N/A
1118,Product-721,Used - Good,Good,Used,N/A,N/A
1119,Product-722,Used - Good,Good,Used,N/A,N/A
1120,Product-722,New,N/A,New,N/A,N/A
1121,Product-723,Used - Good,Good,Used,N/A,N/A
1122,Product-724,Used - Good,Good,Used,N/A,N/A
1123,Product-725,Used - Good,Good,Used,N/A,N/A
1124,Product-725,New,N/A,New,N/A,N/A
1125,Product-726,New,N/A,New,N/A,N/A
1126,Product-726,Used - Acceptable,Acceptable,Used,N/A,N/A
1127,Product-727,Used - Acceptable,Acceptable,Used,N/A,N/A
1128,Product-727,New,N/A,New,N/A,N/A
1129,Product-729,Used - Good,Good,Used,N/A,N/A
1130,Product-730,Used - Acceptable,Acceptable,Used,N/A,N/A
1131,Product-731,Used - Good,Good,Used,N/A,N/A
1132,Product-731,New,N/A,New,N/A,N/A
1133,Product-731,Used - Acceptable,Acceptable,Used,N/A,N/A
1134,Product-732,Used - Good,Good,Used,N/A,N/A
1135,Product-732,New,N/A,New,N/A,N/A
1136,Product-732,Used - Acceptable,Acceptable,Used,N/A,N/A
1137,Product-733,Used - Good,Good,Used,N/A,N/A
1138,Product-733,Used - Acceptable,Acceptable,Used,N/A,N/A
1139,Product-734,New,N/A,New,N/A,N/A
1140,Product-734,Used - Acceptable,Acceptable,Used,N/A,N/A
1141,Product-735,Used - Good,Good,Used,N/A,N/A
1142,Product-735,Used - Acceptable,Acceptable,Used,N/A,N/A
1143,Product-736,New,N/A,New,N/A,N/A
1144,Product-736,Used - Acceptable,Acceptable,Used,N/A,N/A
1145,Product-737,Used - Good,Good,Used,N/A,N/A
1146,Product-737,New,N/A,New,N/A,N/A
1147,Product-737,Used - Acceptable,Acceptable,Used,N/A,N/A
1148,Product-738,Used - Good,Good,Used,N/A,N/A
1149,Product-738,Used - Acceptable,Acceptable,Used,N/A,N/A
1150,Product-739,New,N/A,New,N/A,N/A
1151,Product-740,New,N/A,New,N/A,N/A
1152,Product-740,Used - Good,Good,Used,N/A,N/A
1153,Product-741,Used - Acceptable,Acceptable,Used,N/A,N/A
1154,Product-741,New,N/A,New,N/A,N/A
1155,Product-743,New,N/A,New,N/A,N/A
1156,Product-743,Used - Acceptable,Acceptable,Used,N/A,N/A
1157,Product-743,Used - Good,Good,Used,N/A,N/A
1158,Product-744,Used - Good,Good,Used,N/A,N/A
1159,Product-745,New,N/A,New,N/A,N/A
1160,Product-745,Used - Good,Good,Used,N/A,N/A
1161,Product-745,Used - Acceptable,Acceptable,Used,N/A,N/A
1162,Product-746,Used - Good,Good,Used,N/A,N/A
1163,Product-746,Used - Acceptable,Acceptable,Used,N/A,N/A
1164,Product-747,New,N/A,New,N/A,N/A
1165,Product-747,Used - Acceptable,Acceptable,Used,N/A,N/A
1166,Product-748,Used - Good,Good,Used,N/A,N/A
1167,Product-748,Used - Acceptable,Acceptable,Used,N/A,N/A
1168,Product-748,New,N/A,New,N/A,N/A
1169,Product-749,Used - Good,Good,Used,N/A,N/A
1170,Product-749,New,N/A,New,N/A,N/A
1171,Product-750,Used - Good,Good,Used,N/A,N/A
1172,Product-750,New,N/A,New,N/A,N/A
1173,Product-750,Used - Acceptable,Acceptable,Used,N/A,N/A
1174,Product-751,Used - Acceptable,Acceptable,Used,N/A,N/A
1175,Product-751,Used - Good,Good,Used,N/A,N/A
1176,Product-752,Used - Acceptable,Acceptable,Used,N/A,N/A
1177,Product-752,New,N/A,New,N/A,N/A
1178,Product-752,Used - Good,Good,Used,N/A,N/A
1179,Product-753,Used - Acceptable,Acceptable,Used,N/A,N/A
1180,Product-753,New,N/A,New,N/A,N/A
1181,Product-754,Used - Good,Good,Used,N/A,N/A
1182,Product-755,Used - Good,Good,Used,N/A,N/A
1183,Product-756,Used - Good,Good,Used,N/A,N/A
1184,Product-756,New,N/A,New,N/A,N/A
1185,Product-756,Used - Acceptable,Acceptable,Used,N/A,N/A
1186,Product-757,Used - Acceptable,Acceptable,Used,N/A,N/A
1187,Product-757,Used - Good,Good,Used,N/A,N/A
1188,Product-758,Used - Good,Good,Used,N/A,N/A
1189,Product-758,Used - Acceptable,Acceptable,Used,N/A,N/A
1190,Product-759,New,N/A,New,N/A,N/A
1191,Product-759,Used - Good,Good,Used,N/A,N/A
1192,Product-759,Used - Acceptable,Acceptable,Used,N/A,N/A
1193,Product-760,Used - Good,Good,Used,N/A,N/A
1194,Product-760,New,N/A,New,N/A,N/A
1195,Product-760,Used - Acceptable,Acceptable,Used,N/A,N/A
1196,Product-761,New,N/A,New,N/A,N/A
1197,Product-761,Used - Acceptable,Acceptable,Used,N/A,N/A
1198,Product-762,Used - Acceptable,Acceptable,Used,N/A,N/A
1199,Product-763,Used - Acceptable,Acceptable,Used,N/A,N/A
1200,Product-763,New,N/A,New,N/A,N/A
1201,Product-764,New,N/A,New,N/A,N/A
1202,Product-764,Used - Acceptable,Acceptable,Used,N/A,N/A
1203,Product-765,Used - Good,Good,Used,N/A,N/A
1204,Product-765,Used - Acceptable,Acceptable,Used,N/A,N/A
1205,Product-766,Used - Acceptable,Acceptable,Used,N/A,N/A
1206,Product-767,Used - Acceptable,Acceptable,Used,N/A,N/A
1207,Product-767,New,N/A,New,N/A,N/A
1208,Product-767,Used - Good,Good,Used,N/A,N/A
1209,Product-768,Used - Good,Good,Used,N/A,N/A
1210,Product-768,Used - Acceptable,Acceptable,Used,N/A,N/A
1211,Product-769,Used - Acceptable,Acceptable,Used,N/A,N/A
1212,Product-769,Used - Good,Good,Used,N/A,N/A
1213,Product-770,Used - Acceptable,Acceptable,Used,N/A,N/A
1214,Product-770,Used - Good,Good,Used,N/A,N/A
1215,Product-771,Used - Acceptable,Acceptable,Used,N/A,N/A
1216,Product-771,Used - Good,Good,Used,N/A,N/A
1217,Product-771,New,N/A,New,N/A,N/A
1218,Product-772,Used - Good,Good,Used,N/A,N/A
1219,Product-772,New,N/A,New,N/A,N/A
1220,Product-773,New,N/A,New,N/A,N/A
1221,Product-773,Used - Good,Good,Used,N/A,N/A
1222,Product-773,Used - Acceptable,Acceptable,Used,N/A,N/A
1223,Product-774,Used - Acceptable,Acceptable,Used,N/A,N/A
1224,Product-775,Used - Good,Good,Used,N/A,N/A
1225,Product-775,New,N/A,New,N/A,N/A
1226,Product-775,Used - Acceptable,Acceptable,Used,N/A,N/A
1227,Product-776,Used - Acceptable,Acceptable,Used,N/A,N/A
1228,Product-776,New,N/A,New,N/A,N/A
1229,Product-777,New,N/A,New,N/A,N/A
1230,Product-777,Used - Good,Good,Used,N/A,N/A
1231,Product-778,Used - Acceptable,Acceptable,Used,N/A,N/A
1232,Product-778,New,N/A,New,N/A,N/A
1233,Product-780,New,N/A,New,N/A,N/A
1234,Product-780,Used - Good,Good,Used,N/A,N/A
1235,Product-780,Used - Acceptable,Acceptable,Used,N/A,N/A
1236,Product-781,New,N/A,New,N/A,N/A
1237,Product-782,Used - Acceptable,Acceptable,Used,N/A,N/A
1238,Product-782,New,N/A,New,N/A,N/A
1239,Product-782,Used - Good,Good,Used,N/A,N/A
1240,Product-784,New,N/A,New,N/A,N/A
1241,Product-784,Used - Good,Good,Used,N/A,N/A
1242,Product-785,New,N/A,New,N/A,N/A
1243,Product-785,Used - Good,Good,Used,N/A,N/A
1244,Product-786,New,N/A,New,N/A,N/A
1245,Product-786,Used - Acceptable,Acceptable,Used,N/A,N/A
1246,Product-788,Used - Acceptable,Acceptable,Used,N/A,N/A
1247,Product-788,New,N/A,New,N/A,N/A
1248,Product-789,Used - Good,Good,Used,N/A,N/A
1249,Product-789,New,N/A,New,N/A,N/A
1250,Product-790,Used - Acceptable,Acceptable,Used,N/A,N/A
1251,Product-790,Used - Good,Good,Used,N/A,N/A
1252,Product-790,New,N/A,New,N/A,N/A
1253,Product-791,Used - Acceptable,Acceptable,Used,N/A,N/A
1254,Product-791,New,N/A,New,N/A,N/A
1255,Product-791,Used - Good,Good,Used,N/A,N/A
1256,Product-792,Used - Acceptable,Acceptable,Used,N/A,N/A
1257,Product-792,Used - Good,Good,Used,N/A,N/A
1258,Product-793,Used - Good,Good,Used,N/A,N/A
1259,Product-793,New,N/A,New,N/A,N/A
1260,Product-793,Used - Acceptable,Acceptable,Used,N/A,N/A
1261,Product-794,Used - Good,Good,Used,N/A,N/A
1262,Product-795,Used - Acceptable,Acceptable,Used,N/A,N/A
1263,Product-795,New,N/A,New,N/A,N/A
1264,Product-796,Used - Acceptable,Acceptable,Used,N/A,N/A
1265,Product-796,New,N/A,New,N/A,N/A
1266,Product-797,Used - Good,Good,Used,N/A,N/A
1267,Product-797,Used - Acceptable,Acceptable,Used,N/A,N/A
1268,Product-798,Used - Acceptable,Acceptable,Used,N/A,N/A
1269,Product-798,New,N/A,New,N/A,N/A
1270,Product-799,Used - Good,Good,Used,N/A,N/A
1271,Product-799,New,N/A,New,N/A,N/A
1272,Product-800,Used - Acceptable,Acceptable,Used,N/A,N/A
1273,Product-801,Used - Good,Good,Used,N/A,N/A
1274,Product-802,New,N/A,New,N/A,N/A
1275,Product-803,Used - Good,Good,Used,N/A,N/A
1276,Product-803,New,N/A,New,N/A,N/A
1277,Product-804,Used - Good,Good,Used,N/A,N/A
1278,Product-804,New,N/A,New,N/A,N/A
1279,Product-805,Used - Good,Good,Used,N/A,N/A
1280,Product-806,Used - Acceptable,Acceptable,Used,N/A,N/A
1281,Product-806,Used - Good,Good,Used,N/A,N/A
1282,Product-808,Used - Good,Good,Used,N/A,N/A
1283,Product-808,New,N/A,New,N/A,N/A
1284,Product-808,Used - Acceptable,Acceptable,Used,N/A,N/A
1285,Product-809,Used - Good,Good,Used,N/A,N/A
1286,Product-809,New,N/A,New,N/A,N/A
1287,Product-810,Used - Good,Good,Used,N/A,N/A
1288,Product-810,Used - Acceptable,Acceptable,Used,N/A,N/A
1289,Product-811,Used - Acceptable,Acceptable,Used,N/A,N/A
1290,Product-812,Used - Good,Good,Used,N/A,N/A
1291,Product-813,Used - Acceptable,Acceptable,Used,N/A,N/A
1292,Product-813,Used - Good,Good,Used,N/A,N/A
1293,Product-813,New,N/A,New,N/A,N/A
1294,Product-814,Used - Good,Good,Used,N/A,N/A
1295,Product-814,New,N/A,New,N/A,N/A
1296,Product-815,Used - Good,Good,Used,N/A,N/A
1297,Product-815,Used - Acceptable,Acceptable,Used,N/A,N/A
1298,Product-816,New,N/A,New,N/A,N/A
1299,Product-816,Used - Acceptable,Acceptable,Used,N/A,N/A
1300,Product-817,New,N/A,New,N/A,N/A
1301,Product-818,Used - Good,Good,Used,N/A,N/A
1302,Product-818,New,N/A,New,N/A,N/A
1303,Product-818,Used - Acceptable,Acceptable,Used,N/A,N/A
1304,Product-819,New,N/A,New,N/A,N/A
1305,Product-819,Used - Acceptable,Acceptable,Used,N/A,N/A
1306,Product-820,Used - Good,Good,Used,N/A,N/A
1307,Product-820,Used - Acceptable,Acceptable,Used,N/A,N/A
1308,Product-821,Used - Acceptable,Acceptable,Used,N/A,N/A
1309,Product-822,Used - Good,Good,Used,N/A,N/A
1310,Product-822,New,N/A,New,N/A,N/A
1311,Product-823,Used - Acceptable,Acceptable,Used,N/A,N/A
1312,Product-824,Used - Good,Good,Used,N/A,N/A
1313,Product-824,New,N/A,New,N/A,N/A
1314,Product-824,Used - Acceptable,Acceptable,Used,N/A,N/A
1315,Product-825,New,N/A,New,N/A,N/A
1316,Product-825,Used - Acceptable,Acceptable,Used,N/A,N/A
1317,Product-826,Used - Acceptable,Acceptable,Used,N/A,N/A
1318,Product-826,Used - Good,Good,Used,N/A,N/A
1319,Product-826,New,N/A,New,N/A,N/A
1320,Product-828,New,N/A,New,N/A,N/A
1321,Product-829,New,N/A,New,N/A,N/A
1322,Product-830,Used - Good,Good,Used,N/A,N/A
1323,Product-830,New,N/A,New,N/A,N/A
1324,Product-831,Used - Good,Good,Used,N/A,N/A
1325,Product-831,New,N/A,New,N/A,N/A
1326,Product-831,Used - Acceptable,Acceptable,Used,N/A,N/A
1327,Product-832,New,N/A,New,N/A,N/A
1328,Product-833,Used - Acceptable,Acceptable,Used,N/A,N/A
1329,Product-833,New,N/A,New,N/A,N/A
1330,Product-833,Used - Good,Good,Used,N/A,N/A
1331,Product-834,Used - Good,Good,Used,N/A,N/A
1332,Product-834,New,N/A,New,N/A,N/A
1333,Product-835,Used - Acceptable,Acceptable,Used,N/A,N/A
1334,Product-835,New,N/A,New,N/A,N/A
1335,Product-835,Used - Good,Good,Used,N/A,N/A
1336,Product-836,Used - Good,Good,Used,N/A,N/A
1337,Product-836,New,N/A,New,N/A,N/A
1338,Product-837,Used - Acceptable,Acceptable,Used,N/A,N/A
1339,Product-838,Used - Good,Good,Used,N/A,N/A
1340,Product-838,New,N/A,New,N/A,N/A
1341,Product-838,Used - Acceptable,Acceptable,Used,N/A,N/A
1342,Product-839,Used - Good,Good,Used,N/A,N/A
1343,Product-839,Used - Acceptable,Acceptable,Used,N/A,N/A
1344,Product-840,Used - Acceptable,Acceptable,Used,N/A,N/A
1345,Product-840,Used - Good,Good,Used,N/A,N/A
1346,Product-840,New,N/A,New,N/A,N/A
1347,Product-841,New,N/A,New,N/A,N/A
1348,Product-841,Used - Acceptable,Acceptable,Used,N/A,N/A
1349,Product-842,Used - Good,Good,Used,N/A,N/A
1350,Product-842,Used - Acceptable,Acceptable,Used,N/A,N/A
1351,Product-843,Used - Good,Good,Used,N/A,N/A
1352,Product-844,Used - Good,Good,Used,N/A,N/A
1353,Product-845,New,N/A,New,N/A,N/A
1354,Product-846,Used - Acceptable,Acceptable,Used,N/A,N/A
1355,Product-846,Used - Good,Good,Used,N/A,N/A
1356,Product-847,Used - Good,Good,Used,N/A,N/A
1357,Product-847,Used - Acceptable,Acceptable,Used,N/A,N/A
1358,Product-848,Used - Acceptable,Acceptable,Used,N/A,N/A
1359,Product-848,New,N/A,New,N/A,N/A
1360,Product-849,Used - Good,Good,Used,N/A,N/A
1361,Product-849,Used - Acceptable,Acceptable,Used,N/A,N/A
1362,Product-849,New,N/A,New,N/A,N/A
1363,Product-850,New,N/A,New,N/A,N/A
1364,Product-850,Used - Good,Good,Used,N/A,N/A
1365,Product-850,Used - Acceptable,Acceptable,Used,N/A,N/A
1366,Product-851,Used - Acceptable,Acceptable,Used,N/A,N/A
1367,Product-851,New,N/A,New,N/A,N/A
1368,Product-851,Used - Good,Good,Used,N/A,N/A
1369,Product-852,Used - Acceptable,Acceptable,Used,N/A,N/A
1370,Product-852,New,N/A,New,N/A,N/A
1371,Product-852,Used - Good,Good,Used,N/A,N/A
1372,Product-853,New,N/A,New,N/A,N/A
1373,Product-853,Used - Acceptable,Acceptable,Used,N/A,N/A
1374,Product-853,Used - Good,Good,Used,N/A,N/A
1375,Product-854,Used - Good,Good,Used,N/A,N/A
1376,Product-855,Used - Good,Good,Used,N/A,N/A
1377,Product-856,Used - Good,Good,Used,N/A,N/A
1378,Product-856,Used - Acceptable,Acceptable,Used,N/A,N/A
1379,Product-856,New,N/A,New,N/A,N/A
1380,Product-857,Used - Good,Good,Used,N/A,N/A
1381,Product-857,New,N/A,New,N/A,N/A
1382,Product-857,Used - Acceptable,Acceptable,Used,N/A,N/A
1383,Product-858,Used - Good,Good,Used,N/A,N/A
1384,Product-859,New,N/A,New,N/A,N/A
1385,Product-860,New,N/A,New,N/A,N/A
1386,Product-860,Used - Acceptable,Acceptable,Used,N/A,N/A
1387,Product-860,Used - Good,Good,Used,N/A,N/A
1388,Product-861,Used - Good,Good,Used,N/A,N/A
1389,Product-861,New,N/A,New,N/A,N/A
1390,Product-862,New,N/A,New,N/A,N/A
1391,Product-862,Used - Good,Good,Used,N/A,N/A
1392,Product-863,Used - Good,Good,Used,N/A,N/A
1393,Product-863,New,N/A,New,N/A,N/A
1394,Product-865,Used - Good,Good,Used,N/A,N/A
1395,Product-866,New,N/A,New,N/A,N/A
1396,Product-868,Used - Acceptable,Acceptable,Used,N/A,N/A
1397,Product-868,Used - Good,Good,Used,N/A,N/A
1398,Product-870,Used - Acceptable,Acceptable,Used,N/A,N/A
1399,Product-870,New,N/A,New,N/A,N/A
1400,Product-870,Used - Good,Good,Used,N/A,N/A
1401,Product-871,New,N/A,New,N/A,N/A
1402,Product-872,Used - Good,Good,Used,N/A,N/A
1403,Product-872,New,N/A,New,N/A,N/A
1404,Product-873,New,N/A,New,N/A,N/A
1405,Product-874,Used - Good,Good,Used,N/A,N/A
1406,Product-874,Used - Acceptable,Acceptable,Used,N/A,N/A
1407,Product-875,Used - Acceptable,Acceptable,Used,N/A,N/A
1408,Product-876,Used - Acceptable,Acceptable,Used,N/A,N/A
1409,Product-876,Used - Good,Good,Used,N/A,N/A
1410,Product-877,Used - Acceptable,Acceptable,Used,N/A,N/A
1411,Product-877,Used - Good,Good,Used,N/A,N/A
1412,Product-877,New,N/A,New,N/A,N/A
1413,Product-878,Used - Acceptable,Acceptable,Used,N/A,N/A
1414,Product-878,Used - Good,Good,Used,N/A,N/A
1415,Product-878,New,N/A,New,N/A,N/A
1416,Product-879,New,N/A,New,N/A,N/A
1417,Product-879,Used - Good,Good,Used,N/A,N/A
1418,Product-879,Used - Acceptable,Acceptable,Used,N/A,N/A
1419,Product-880,New,N/A,New,N/A,N/A
1420,Product-880,Used - Acceptable,Acceptable,Used,N/A,N/A
1421,Product-880,Used - Good,Good,Used,N/A,N/A
1422,Product-881,Used - Acceptable,Acceptable,Used,N/A,N/A
1423,Product-881,Used - Good,Good,Used,N/A,N/A
1424,Product-882,New,N/A,New,N/A,N/A
1425,Product-882,Used - Acceptable,Acceptable,Used,N/A,N/A
1426,Product-883,New,N/A,New,N/A,N/A
1427,Product-884,New,N/A,New,N/A,N/A
1428,Product-884,Used - Acceptable,Acceptable,Used,N/A,N/A
1429,Product-885,Used - Good,Good,Used,N/A,N/A
1430,Product-886,Used - Acceptable,Acceptable,Used,N/A,N/A
1431,Product-887,Used - Acceptable,Acceptable,Used,N/A,N/A
1432,Product-887,Used - Good,Good,Used,N/A,N/A
1433,Product-888,Used - Acceptable,Acceptable,Used,N/A,N/A
1434,Product-888,Used - Good,Good,Used,N/A,N/A
1435,Product-889,New,N/A,New,N/A,N/A
1436,Product-889,Used - Good,Good,Used,N/A,N/A
1437,Product-890,New,N/A,New,N/A,N/A
1438,Product-891,Used - Acceptable,Acceptable,Used,N/A,N/A
1439,Product-892,Used - Acceptable,Acceptable,Used,N/A,N/A
1440,Product-892,Used - Good,Good,Used,N/A,N/A
1441,Product-893,New,N/A,New,N/A,N/A
1442,Product-893,Used - Good,Good,Used,N/A,N/A
1443,Product-894,Used - Good,Good,Used,N/A,N/A
1444,Product-894,New,N/A,New,N/A,N/A
1445,Product-895,Used - Acceptable,Acceptable,Used,N/A,N/A
1446,Product-895,New,N/A,New,N/A,N/A
1447,Product-895,Used - Good,Good,Used,N/A,N/A
1448,Product-896,Used - Acceptable,Acceptable,Used,N/A,N/A
1449,Product-897,Used - Acceptable,Acceptable,Used,N/A,N/A
1450,Product-897,New,N/A,New,N/A,N/A
1451,Product-897,Used - Good,Good,Used,N/A,N/A
1452,Product-898,New,N/A,New,N/A,N/A
1453,Product-898,Used - Acceptable,Acceptable,Used,N/A,N/A
1454,Product-898,Used - Good,Good,Used,N/A,N/A
1455,Product-899,Used - Acceptable,Acceptable,Used,N/A,N/A
1456,Product-899,Used - Good,Good,Used,N/A,N/A
1457,Product-899,New,N/A,New,N/A,N/A
1458,Product-901,Used - Good,Good,Used,N/A,N/A
1459,Product-901,New,N/A,New,N/A,N/A
1460,Product-902,Used - Acceptable,Acceptable,Used,N/A,N/A
1461,Product-902,New,N/A,New,N/A,N/A
1462,Product-903,New,N/A,New,N/A,N/A
1463,Product-903,Used - Acceptable,Acceptable,Used,N/A,N/A
1464,Product-903,Used - Good,Good,Used,N/A,N/A
1465,Product-904,Used - Acceptable,Acceptable,Used,N/A,N/A
1466,Product-904,New,N/A,New,N/A,N/A
1467,Product-905,Used - Acceptable,Acceptable,Used,N/A,N/A
1468,Product-905,Used - Good,Good,Used,N/A,N/A
1469,Product-905,New,N/A,New,N/A,N/A
1470,Product-906,New,N/A,New,N/A,N/A
1471,Product-908,New,N/A,New,N/A,N/A
1472,Product-909,Used - Acceptable,Acceptable,Used,N/A,N/A
1473,Product-910,Used - Good,Good,Used,N/A,N/A
1474,Product-910,Used - Acceptable,Acceptable,Used,N/A,N/A
1475,Product-911,New,N/A,New,N/A,N/A
1476,Product-911,Used - Acceptable,Acceptable,Used,N/A,N/A
1477,Product-911,Used - Good,Good,Used,N/A,N/A
1478,Product-912,New,N/A,New,N/A,N/A
1479,Product-912,Used - Good,Good,Used,N/A,N/A
1480,Product-912,Used - Acceptable,Acceptable,Used,N/A,N/A
1481,Product-913,New,N/A,New,N/A,N/A
1482,Product-913,Used - Good,Good,Used,N/A,N/A
1483,Product-913,Used - Acceptable,Acceptable,Used,N/A,N/A
1484,Product-914,Used - Acceptable,Acceptable,Used,N/A,N/A
1485,Product-914,New,N/A,New,N/A,N/A
1486,Product-914,Used - Good,Good,Used,N/A,N/A
1487,Product-915,Used - Good,Good,Used,N/A,N/A
1488,Product-915,New,N/A,New,N/A,N/A
1489,Product-916,New,N/A,New,N/A,N/A
1490,Product-917,Used - Acceptable,Acceptable,Used,N/A,N/A
1491,Product-918,New,N/A,New,N/A,N/A
1492,Product-919,Used - Acceptable,Acceptable,Used,N/A,N/A
1493,Product-919,Used - Good,Good,Used,N/A,N/A
1494,Product-920,Used - Acceptable,Acceptable,Used,N/A,N/A
1495,Product-920,Used - Good,Good,Used,N/A,N/A
1496,Product-920,New,N/A,New,N/A,N/A
1497,Product-921,Used - Acceptable,Acceptable,Used,N/A,N/A
1498,Product-921,Used - Good,Good,Used,N/A,N/A
1499,Product-921,New,N/A,New,N/A,N/A
1500,Product-922,Used - Acceptable,Acceptable,Used,N/A,N/A
1501,Product-922,New,N/A,New,N/A,N/A
1502,Product-922,Used - Good,Good,Used,N/A,N/A
1503,Product-923,Used - Acceptable,Acceptable,Used,N/A,N/A
1504,Product-923,Used - Good,Good,Used,N/A,N/A
1505,Product-924,Used - Good,Good,Used,N/A,N/A
1506,Product-924,New,N/A,New,N/A,N/A
1507,Product-925,New,N/A,New,N/A,N/A
1508,Product-925,Used - Acceptable,Acceptable,Used,N/A,N/A
1509,Product-926,Used - Good,Good,Used,N/A,N/A
1510,Product-926,New,N/A,New,N/A,N/A
1511,Product-927,Used - Good,Good,Used,N/A,N/A
1512,Product-927,Used - Acceptable,Acceptable,Used,N/A,N/A
1513,Product-928,Used - Good,Good,Used,N/A,N/A
1514,Product-929,Used - Good,Good,Used,N/A,N/A
1515,Product-929,New,N/A,New,N/A,N/A
1516,Product-930,Used - Acceptable,Acceptable,Used,N/A,N/A
1517,Product-930,New,N/A,New,N/A,N/A
1518,Product-930,Used - Good,Good,Used,N/A,N/A
1519,Product-931,New,N/A,New,N/A,N/A
1520,Product-931,Used - Good,Good,Used,N/A,N/A
1521,Product-931,Used - Acceptable,Acceptable,Used,N/A,N/A
1522,Product-932,Used - Acceptable,Acceptable,Used,N/A,N/A
1523,Product-933,Used - Good,Good,Used,N/A,N/A
1524,Product-934,Used - Acceptable,Acceptable,Used,N/A,N/A
1525,Product-935,Used - Good,Good,Used,N/A,N/A
1526,Product-935,New,N/A,New,N/A,N/A
1527,Product-935,Used - Acceptable,Acceptable,Used,N/A,N/A
1528,Product-936,Used - Acceptable,Acceptable,Used,N/A,N/A
1529,Product-936,New,N/A,New,N/A,N/A
1530,Product-937,Used - Acceptable,Acceptable,Used,N/A,N/A
1531,Product-937,Used - Good,Good,Used,N/A,N/A
1532,Product-938,Used - Good,Good,Used,N/A,N/A
1533,Product-938,New,N/A,New,N/A,N/A
1534,Product-938,Used - Acceptable,Acceptable,Used,N/A,N/A
1535,Product-939,Used - Good,Good,Used,N/A,N/A
1536,Product-939,Used - Acceptable,Acceptable,Used,N/A,N/A
1537,Product-939,New,N/A,New,N/A,N/A
1538,Product-940,Used - Good,Good,Used,N/A,N/A
1539,Product-941,Used - Good,Good,Used,N/A,N/A
1540,Product-941,Used - Acceptable,Acceptable,Used,N/A,N/A
1541,Product-942,Used - Good,Good,Used,N/A,N/A
1542,Product-943,Used - Acceptable,Acceptable,Used,N/A,N/A
1543,Product-943,Used - Good,Good,Used,N/A,N/A
1544,Product-944,Used - Acceptable,Acceptable,Used,N/A,N/A
1545,Product-944,New,N/A,New,N/A,N/A
1546,Product-944,Used - Good,Good,Used,N/A,N/A
1547,Product-945,Used - Acceptable,Acceptable,Used,N/A,N/A
1548,Product-945,New,N/A,New,N/A,N/A
1549,Product-947,New,N/A,New,N/A,N/A
1550,Product-947,Used - Good,Good,Used,N/A,N/A
1551,Product-947,Used - Acceptable,Acceptable,Used,N/A,N/A
1552,Product-948,Used - Good,Good,Used,N/A,N/A
1553,Product-948,New,N/A,New,N/A,N/A
1554,Product-948,Used - Acceptable,Acceptable,Used,N/A,N/A
1555,Product-949,New,N/A,New,N/A,N/A
1556,Product-949,Used - Good,Good,Used,N/A,N/A
1557,Product-949,Used - Acceptable,Acceptable,Used,N/A,N/A
1558,Product-950,New,N/A,New,N/A,N/A
1559,Product-950,Used - Good,Good,Used,N/A,N/A
1560,Product-951,New,N/A,New,N/A,N/A
1561,Product-952,Used - Acceptable,Acceptable,Used,N/A,N/A
1562,Product-952,Used - Good,Good,Used,N/A,N/A
1563,Product-952,New,N/A,New,N/A,N/A
1564,Product-953,Used - Good,Good,Used,N/A,N/A
1565,Product-953,New,N/A,New,N/A,N/A
1566,Product-954,Used - Good,Good,Used,N/A,N/A
1567,Product-955,New,N/A,New,N/A,N/A
1568,Product-955,Used - Good,Good,Used,N/A,N/A
1569,Product-955,Used - Acceptable,Acceptable,Used,N/A,N/A
1570,Product-956,Used - Acceptable,Acceptable,Used,N/A,N/A
1571,Product-956,Used - Good,Good,Used,N/A,N/A
1572,Product-956,New,N/A,New,N/A,N/A
1573,Product-957,Used - Good,Good,Used,N/A,N/A
1574,Product-957,New,N/A,New,N/A,N/A
1575,Product-958,New,N/A,New,N/A,N/A
1576,Product-958,Used - Good,Good,Used,N/A,N/A
1577,Product-959,Used - Acceptable,Acceptable,Used,N/A,N/A
1578,Product-959,Used - Good,Good,Used,N/A,N/A
1579,Product-959,New,N/A,New,N/A,N/A
1580,Product-960,Used - Acceptable,Acceptable,Used,N/A,N/A
1581,Product-960,New,N/A,New,N/A,N/A
1582,Product-961,Used - Good,Good,Used,N/A,N/A
1583,Product-961,New,N/A,New,N/A,N/A
1584,Product-962,Used - Acceptable,Acceptable,Used,N/A,N/A
1585,Product-963,Used - Good,Good,Used,N/A,N/A
1586,Product-963,Used - Acceptable,Acceptable,Used,N/A,N/A
1587,Product-963,New,N/A,New,N/A,N/A
1588,Product-964,Used - Good,Good,Used,N/A,N/A
1589,Product-965,Used - Good,Good,Used,N/A,N/A
1590,Product-966,Used - Good,Good,Used,N/A,N/A
1591,Product-966,New,N/A,New,N/A,N/A
1592,Product-967,New,N/A,New,N/A,N/A
1593,Product-968,Used - Good,Good,Used,N/A,N/A
1594,Product-969,Used - Good,Good,Used,N/A,N/A
1595,Product-969,New,N/A,New,N/A,N/A
1596,Product-969,Used - Acceptable,Acceptable,Used,N/A,N/A
1597,Product-970,Used - Good,Good,Used,N/A,N/A
1598,Product-970,Used - Acceptable,Acceptable,Used,N/A,N/A
1599,Product-970,New,N/A,New,N/A,N/A
1600,Product-971,Used - Acceptable,Acceptable,Used,N/A,N/A
1601,Product-971,Used - Good,Good,Used,N/A,N/A
1602,Product-972,Used - Good,Good,Used,N/A,N/A
1603,Product-972,New,N/A,New,N/A,N/A
1604,Product-973,New,N/A,New,N/A,N/A
1605,Product-973,Used - Good,Good,Used,N/A,N/A
1606,Product-974,Used - Good,Good,Used,N/A,N/A
1607,Product-975,Used - Good,Good,Used,N/A,N/A
1608,Product-976,New,N/A,New,N/A,N/A
1609,Product-976,Used - Good,Good,Used,N/A,N/A
1610,Product-976,Used - Acceptable,Acceptable,Used,N/A,N/A
1611,Product-977,Used - Acceptable,Acceptable,Used,N/A,N/A
1612,Product-978,Used - Good,Good,Used,N/A,N/A
1613,Product-978,New,N/A,New,N/A,N/A
1614,Product-978,Used - Acceptable,Acceptable,Used,N/A,N/A
1615,Product-979,Used - Acceptable,Acceptable,Used,N/A,N/A
1616,Product-979,New,N/A,New,N/A,N/A
1617,Product-980,Used - Acceptable,Acceptable,Used,N/A,N/A
1618,Product-980,New,N/A,New,N/A,N/A
1619,Product-981,Used - Good,Good,Used,N/A,N/A
1620,Product-981,Used - Acceptable,Acceptable,Used,N/A,N/A
1621,Product-982,New,N/A,New,N/A,N/A
1622,Product-982,Used - Acceptable,Acceptable,Used,N/A,N/A
1623,Product-983,New,N/A,New,N/A,N/A
1624,Product-984,Used - Acceptable,Acceptable,Used,N/A,N/A
1625,Product-984,New,N/A,New,N/A,N/A
1626,Product-984,Used - Good,Good,Used,N/A,N/A
1627,Product-985,Used - Acceptable,Acceptable,Used,N/A,N/A
1628,Product-985,Used - Good,Good,Used,N/A,N/A
1629,Product-986,New,N/A,New,N/A,N/A
1630,Product-986,Used - Good,Good,Used,N/A,N/A
1631,Product-987,New,N/A,New,N/A,N/A
1632,Product-989,New,N/A,New,N/A,N/A
1633,Product-989,Used - Acceptable,Acceptable,Used,N/A,N/A
1634,Product-990,Used - Acceptable,Acceptable,Used,N/A,N/A
1635,Product-990,Used - Good,Good,Used,N/A,N/A
1636,Product-990,New,N/A,New,N/A,N/A
1637,Product-991,Used - Good,Good,Used,N/A,N/A
1638,Product-991,New,N/A,New,N/A,N/A
1639,Product-992,New,N/A,New,N/A,N/A
1640,Product-992,Used - Good,Good,Used,N/A,N/A
1641,Product-992,Used - Acceptable,Acceptable,Used,N/A,N/A
1642,Product-993,New,N/A,New,N/A,N/A
1643,Product-995,Used - Good,Good,Used,N/A,N/A
1644,Product-996,New,N/A,New,N/A,N/A
1645,Product-996,Used - Acceptable,Acceptable,Used,N/A,N/A
1646,Product-997,Used - Good,Good,Used,N/A,N/A
1647,Product-998,Used - Good,Good,Used,N/A,N/A
1648,Product-998,Used - Acceptable,Acceptable,Used,N/A,N/A
1649,Product-998,New,N/A,New,N/A,N/A
1650,Product-999,Used - Good,Good,Used,N/A,N/A
